"Domain","Category ID","Category","Category definition","Category prominence n (%)","CSM dimension","Open code (Chinese)","Open code (English)","Open code status","Open code definition (CN)","Inclusion criteria (CN)","Key keywords (CN)"
"Domain 1: Postoperative daily life (n = 502 coded posts)","D1-1","Diet, daily life and return to work","Resumption of ordinary life after treatment: returning to work, exercise and daily activity; postoperative dietary restriction and iodine management; retrospective accounts of the operation itself; and continuing attention to the extent of resection and the risk of recurrence.","280 (55.8)","Consequences","回归日常生活与工作","returning to daily life and work","in initial coding manual","恢复到手术前正常生活状态的过程","包括：重返工作、运动恢复、日常活动","上班/工作/运动/健身/体力/正常生活/日常"
"Domain 1: Postoperative daily life (n = 502 coded posts)","D1-1","Diet, daily life and return to work","Resumption of ordinary life after treatment: returning to work, exercise and daily activity; postoperative dietary restriction and iodine management; retrospective accounts of the operation itself; and continuing attention to the extent of resection and the risk of recurrence.","280 (55.8)","Consequences","术后饮食限制与管理","postoperative dietary restriction and management","in initial coding manual","术后饮食禁忌与调整经历","包括：碘摄入限制、食物禁忌、饮食困惑","忌口/饮食/海鲜/海带/紫菜/豆制品/不能吃"
"Domain 1: Postoperative daily life (n = 502 coded posts)","D1-1","Diet, daily life and return to work","Resumption of ordinary life after treatment: returning to work, exercise and daily activity; postoperative dietary restriction and iodine management; retrospective accounts of the operation itself; and continuing attention to the extent of resection and the risk of recurrence.","280 (55.8)","Consequences","手术相关经历叙述","retrospective account of the operation","added during coding (not in the initial manual; definition and criteria reconstructed from the coded material)","对手术本身过程的回顾性叙述（术前准备、手术当日、麻醉与住院经过），不含并发症与随访内容","包括：术前准备、住院与手术当日经过、麻醉体验、出院流程的回顾性描述。不包括：并发症与躯体后遗症（归 D1-4）、随访与复查安排（归 D1-2）","手术/开刀/住院/麻醉/术前/当天/出院"
"Domain 1: Postoperative daily life (n = 502 coded posts)","D1-1","Diet, daily life and return to work","Resumption of ordinary life after treatment: returning to work, exercise and daily activity; postoperative dietary restriction and iodine management; retrospective accounts of the operation itself; and continuing attention to the extent of resection and the risk of recurrence.","280 (55.8)","Consequences","手术结果与复发关注","concern about surgical outcome and recurrence","in initial coding manual","对手术切除范围和复发风险的持续关注","包括：全切/半切结果评估、淋巴转移关注","全切/半切/淋巴/转移/复发/残余"
"Domain 1: Postoperative daily life (n = 502 coded posts)","D1-2","Medication and surveillance management","Management of lifelong thyroid hormone replacement and structured follow-up: levothyroxine dose adjustment, missed doses and TSH targets; the scheduling and interpretation of surveillance visits including Tg/TgAb and thyroid function; and the experience of radioiodine therapy.","224 (44.6)","Cure/Control (action)","优甲乐用药管理","levothyroxine dosing and management","in initial coding manual","关于甲状腺激素替代药物的用药经历","包括：剂量调整、漏服处理、TSH目标值讨论","优甲乐/TSH/促甲状腺/剂量/服药"
"Domain 1: Postoperative daily life (n = 502 coded posts)","D1-2","Medication and surveillance management","Management of lifelong thyroid hormone replacement and structured follow-up: levothyroxine dose adjustment, missed doses and TSH targets; the scheduling and interpretation of surveillance visits including Tg/TgAb and thyroid function; and the experience of radioiodine therapy.","224 (44.6)","Cure/Control (action)","术后随访与复查管理","scheduling and interpretation of follow-up visits","in initial coding manual","定期复查的安排、结果解读","包括：复查频率、Tg/TgAb检测、甲功解读","复查/随访/超声/Tg/TG/甲功/复诊"
"Domain 1: Postoperative daily life (n = 502 coded posts)","D1-2","Medication and surveillance management","Management of lifelong thyroid hormone replacement and structured follow-up: levothyroxine dose adjustment, missed doses and TSH targets; the scheduling and interpretation of surveillance visits including Tg/TgAb and thyroid function; and the experience of radioiodine therapy.","224 (44.6)","Cure/Control (action)","碘131治疗经历","experience of radioiodine (I-131) therapy","in initial coding manual","接受碘131放射治疗的全过程经历","包括：治疗决策、副作用、隔离经历、效果评估","碘131/I131/放射碘/碘治疗/低碘饮食"
"Domain 1: Postoperative daily life (n = 502 coded posts)","D1-3","Psychological adaptation","The emotional work of living after treatment: fluctuation and adjustment of mood including anxiety, fear and low mood; the construction of a positive narrative through gratitude, optimism and meaning-making; and the effect of the diagnosis on family relationships and experience of social stigma.","187 (37.3)","Consequences; Emotional representation","心理情绪适应历程","course of emotional adjustment","in initial coding manual","术后情绪波动与心理适应过程","包括：焦虑、恐惧、抑郁、情绪重建","焦虑/害怕/担心/恐惧/崩溃/心态/抑郁/情绪"
"Domain 1: Postoperative daily life (n = 502 coded posts)","D1-3","Psychological adaptation","The emotional work of living after treatment: fluctuation and adjustment of mood including anxiety, fear and low mood; the construction of a positive narrative through gratitude, optimism and meaning-making; and the effect of the diagnosis on family relationships and experience of social stigma.","187 (37.3)","Consequences; Emotional representation","积极心态建构","constructing a positive narrative","in initial coding manual","形成积极应对疾病的心理叙事","包括：感恩、乐观、意义重构、""幸运""叙事","积极/乐观/感恩/感悟/想通/豁达/幸运"
"Domain 1: Postoperative daily life (n = 502 coded posts)","D1-3","Psychological adaptation","The emotional work of living after treatment: fluctuation and adjustment of mood including anxiety, fear and low mood; the construction of a positive narrative through gratitude, optimism and meaning-making; and the effect of the diagnosis on family relationships and experience of social stigma.","187 (37.3)","Consequences; Emotional representation","家庭关系与社会歧视","family relationships and social stigma","in initial coding manual","癌症对家庭关系和社会交往的影响","包括：伴侣关系、婚育歧视、家庭压力","家人/父母/男友/女友/歧视/嫁/婚"
"Domain 1: Postoperative daily life (n = 502 coded posts)","D1-4","Symptom burden and functioning","Physical sequelae of surgery or ablation and their effect on functioning: wound healing and scar management; hoarseness and recurrent laryngeal nerve injury; hypocalcaemia and parathyroid dysfunction; restricted neck movement and swallowing difficulty; and change in weight, hair and appearance.","167 (33.3)","Consequences","术后伤口与疤痕护理","postoperative wound and scar care","in initial coding manual","关于手术切口愈合、疤痕管理的内容","包括：疤痕外观、增生、护理产品使用、防晒","伤疤/疤痕/伤口/增生/祛疤/疤克/施可复"
"Domain 1: Postoperative daily life (n = 502 coded posts)","D1-4","Symptom burden and functioning","Physical sequelae of surgery or ablation and their effect on functioning: wound healing and scar management; hoarseness and recurrent laryngeal nerve injury; hypocalcaemia and parathyroid dysfunction; restricted neck movement and swallowing difficulty; and change in weight, hair and appearance.","167 (33.3)","Consequences","声音/喉返神经并发症","hoarseness and recurrent laryngeal nerve complications","in initial coding manual","术后出现声音嘶哑、发音困难的经历","包括：声带损伤、嗓音变化、语音康复","声音嘶哑/嗓子/喉返神经/声带/失声"
"Domain 1: Postoperative daily life (n = 502 coded posts)","D1-4","Symptom burden and functioning","Physical sequelae of surgery or ablation and their effect on functioning: wound healing and scar management; hoarseness and recurrent laryngeal nerve injury; hypocalcaemia and parathyroid dysfunction; restricted neck movement and swallowing difficulty; and change in weight, hair and appearance.","167 (33.3)","Consequences","低钙血症与甲状旁腺","hypocalcaemia and parathyroid dysfunction","in initial coding manual","术后出现低钙相关症状的经历","包括：手足麻木、抽搐、补钙治疗","低钙/手足麻/抽搐/甲状旁腺/补钙/钙片"
"Domain 1: Postoperative daily life (n = 502 coded posts)","D1-4","Symptom burden and functioning","Physical sequelae of surgery or ablation and their effect on functioning: wound healing and scar management; hoarseness and recurrent laryngeal nerve injury; hypocalcaemia and parathyroid dysfunction; restricted neck movement and swallowing difficulty; and change in weight, hair and appearance.","167 (33.3)","Consequences","颈部功能障碍","restricted neck movement and swallowing","in initial coding manual","颈部活动受限、吞咽困难等功能问题","包括：颈部僵硬、活动受限、吞咽困难","吞咽困难/脖子僵/颈部活动受限"
"Domain 1: Postoperative daily life (n = 502 coded posts)","D1-4","Symptom burden and functioning","Physical sequelae of surgery or ablation and their effect on functioning: wound healing and scar management; hoarseness and recurrent laryngeal nerve injury; hypocalcaemia and parathyroid dysfunction; restricted neck movement and swallowing difficulty; and change in weight, hair and appearance.","167 (33.3)","Consequences","体重与外貌变化","change in weight and appearance","in initial coding manual","术后体重和外貌改变的经历","包括：发胖、脱发、体型改变","体重/发胖/胖了/减重/脱发/掉发"
"Domain 1: Postoperative daily life (n = 502 coded posts)","D1-5","Peer support and reproductive planning","Support obtained from others in the same situation and the reproductive concerns specific to this population: exchange of experience and mutual help within patient communities and groups; and the timing of conception, monitoring during pregnancy and medication while breastfeeding.","82 (16.3)","Consequences","生育计划与女性健康","fertility planning and women's health","in initial coding manual","甲状腺手术与生育相关的讨论","包括：备孕时间、孕期监测、哺乳期用药","怀孕/备孕/妊娠/生育/哺乳/月经/孩子"
"Domain 1: Postoperative daily life (n = 502 coded posts)","D1-5","Peer support and reproductive planning","Support obtained from others in the same situation and the reproductive concerns specific to this population: exchange of experience and mutual help within patient communities and groups; and the timing of conception, monitoring during pregnancy and medication while breastfeeding.","82 (16.3)","Consequences","病友社群与信息分享","patient community and information sharing","in initial coding manual","通过病友社群获取支持和信息的经历","包括：经验分享、互助、群组交流","病友/群/论坛/分享/经验/互助"
"Domain 2: Treatment decision-making (n = 215)","D2-1","Prognosis and risk perception","How patients understand the likely course of their disease: the characteristics and prognosis of the histological subtype; nodal involvement, extent of dissection and assessed recurrence risk; the framing of thyroid cancer as a special or benign cancer; and the financial exposure attached to that outlook.","158 (73.5)","Timeline","病理类型与预后认知","histological subtype and prognosis","in initial coding manual","不同病理类型的特征和预后认知","包括：乳头状癌、滤泡癌、髓样癌特征","乳头状/滤泡/髓样/未分化/PTC/FTC"
"Domain 2: Treatment decision-making (n = 215)","D2-1","Prognosis and risk perception","How patients understand the likely course of their disease: the characteristics and prognosis of the histological subtype; nodal involvement, extent of dissection and assessed recurrence risk; the framing of thyroid cancer as a special or benign cancer; and the financial exposure attached to that outlook.","158 (73.5)","Timeline","淋巴结转移与复发风险","nodal metastasis and recurrence risk","in initial coding manual","淋巴结受累及肿瘤复发的风险讨论","包括：淋巴清扫、复发评估、预后判断","淋巴结/转移/清扫/复发/预后"
"Domain 2: Treatment decision-making (n = 215)","D2-1","Prognosis and risk perception","How patients understand the likely course of their disease: the characteristics and prognosis of the histological subtype; nodal involvement, extent of dissection and assessed recurrence risk; the framing of thyroid cancer as a special or benign cancer; and the financial exposure attached to that outlook.","158 (73.5)","Timeline","甲状腺癌特殊化认知","framing of thyroid cancer as an exceptional cancer","in initial coding manual","将甲状腺癌建构为""特殊/友好""的认知框架","包括：""幸福癌""、""懒癌""叙事","幸福癌/懒癌/惰性/不用担心/不可怕"
"Domain 2: Treatment decision-making (n = 215)","D2-1","Prognosis and risk perception","How patients understand the likely course of their disease: the characteristics and prognosis of the histological subtype; nodal involvement, extent of dissection and assessed recurrence risk; the framing of thyroid cancer as a special or benign cancer; and the financial exposure attached to that outlook.","158 (73.5)","Timeline","医疗费用与保险","treatment cost and insurance","in initial coding manual","治疗费用和保险理赔的讨论","包括：医保报销、商业保险、费用比较","保险/理赔/费用/医保/钱/报销"
"Domain 2: Treatment decision-making (n = 215)","D2-2","Surgical, ablation and active surveillance decision","Deliberation over the principal management options: indications for and trade-offs between total and hemithyroidectomy; radiofrequency or microwave ablation as an alternative to surgery, including its indications and controversies; and the decision to enter active surveillance, its eligibility criteria and monitoring interval.","134 (62.3)","Cure/Control (beliefs)","手术切除范围决策","deciding the extent of resection","in initial coding manual","关于全切/半切手术范围的决策讨论","包括：手术指征、利弊权衡、指南参照","全切/半切/切多少/切除范围"
"Domain 2: Treatment decision-making (n = 215)","D2-2","Surgical, ablation and active surveillance decision","Deliberation over the principal management options: indications for and trade-offs between total and hemithyroidectomy; radiofrequency or microwave ablation as an alternative to surgery, including its indications and controversies; and the decision to enter active surveillance, its eligibility criteria and monitoring interval.","134 (62.3)","Cure/Control (beliefs)","消融治疗讨论","discussion of thermal ablation","in initial coding manual","射频/微波消融作为手术替代选择的讨论","包括：消融适应症、效果评估、争议","消融/射频/微波/热消融"
"Domain 2: Treatment decision-making (n = 215)","D2-2","Surgical, ablation and active surveillance decision","Deliberation over the principal management options: indications for and trade-offs between total and hemithyroidectomy; radiofrequency or microwave ablation as an alternative to surgery, including its indications and controversies; and the decision to enter active surveillance, its eligibility criteria and monitoring interval.","134 (62.3)","Cure/Control (beliefs)","主动监测决策","deciding on active surveillance","in initial coding manual","选择不手术主动监测的决策过程","包括：观察标准、心理准备、监测频率","观察/主动监测/不手术/先观察"
"Domain 2: Treatment decision-making (n = 215)","D2-3","Adjuvant therapy decision","Decisions about treatment following the primary intervention: whether radioiodine therapy is indicated and necessary; and how thyroid hormone replacement and TSH-suppressive therapy should be targeted and adjusted for the long term.","74 (34.4)","Cure/Control (beliefs)","甲状腺激素替代与抑制治疗","hormone replacement and TSH suppression","in initial coding manual","术后激素替代治疗的管理讨论","包括：TSH抑制目标、剂量调整、长期用药","优甲乐/TSH/剂量/服药/替代治疗/抑制"
"Domain 2: Treatment decision-making (n = 215)","D2-3","Adjuvant therapy decision","Decisions about treatment following the primary intervention: whether radioiodine therapy is indicated and necessary; and how thyroid hormone replacement and TSH-suppressive therapy should be targeted and adjusted for the long term.","74 (34.4)","Cure/Control (beliefs)","碘131治疗决策","deciding on radioiodine (I-131) therapy","in initial coding manual","是否接受碘131治疗的决策","包括：适应症判断、治疗必要性讨论","碘131/碘治疗/放射碘"
"Domain 2: Treatment decision-making (n = 215)","D2-4","Diagnostic appraisal and evidence","Use of external evidence to inform a decision: citation of clinical practice guidelines and published research such as ATA recommendations and Japanese surveillance data; interpretation of ultrasound, cytology and TI-RADS reports; seeking and reconciling opinions from more than one institution; and drawing on others' surgical accounts.","51 (23.7)","Cure/Control (beliefs)","循证指南与医学证据","clinical guidelines and published evidence","in initial coding manual","引用临床指南或研究证据的讨论","包括：ATA指南、日本数据、文献引用","指南/ATA/标准/规范/循证/文献/研究"
"Domain 2: Treatment decision-making (n = 215)","D2-4","Diagnostic appraisal and evidence","Use of external evidence to inform a decision: citation of clinical practice guidelines and published research such as ATA recommendations and Japanese surveillance data; interpretation of ultrasound, cytology and TI-RADS reports; seeking and reconciling opinions from more than one institution; and drawing on others' surgical accounts.","51 (23.7)","Cure/Control (beliefs)","诊断检查与结果解读","interpretation of diagnostic tests","in initial coding manual","诊断性检查的解读和理解","包括：超声结果、穿刺报告、TI-RADS","B超/超声/穿刺/活检/结节/TI-RADS"
"Domain 2: Treatment decision-making (n = 215)","D2-4","Diagnostic appraisal and evidence","Use of external evidence to inform a decision: citation of clinical practice guidelines and published research such as ATA recommendations and Japanese surveillance data; interpretation of ultrasound, cytology and TI-RADS reports; seeking and reconciling opinions from more than one institution; and drawing on others' surgical accounts.","51 (23.7)","Cure/Control (beliefs)","多方意见与就医选择","seeking multiple clinical opinions","in initial coding manual","寻求多方医疗意见和比较的经历","包括：多家医院、专家意见冲突","医生建议/专家/多家医院/二次意见"
"Domain 2: Treatment decision-making (n = 215)","D2-4","Diagnostic appraisal and evidence","Use of external evidence to inform a decision: citation of clinical practice guidelines and published research such as ATA recommendations and Japanese surveillance data; interpretation of ultrasound, cytology and TI-RADS reports; seeking and reconciling opinions from more than one institution; and drawing on others' surgical accounts.","51 (23.7)","Cure/Control (beliefs)","外科手术经历叙述","accounts of others' surgery","in initial coding manual","外科手术的准备、过程、康复叙述","包括：全切/半切、腔镜手术经历","手术/全切/半切/腔镜/机器人"
"Domain 2: Treatment decision-making (n = 215)","D2-5","Decisional distress","Burden arising from the decision rather than from the disease: the difficulty, indecision and helplessness generated by conflicting advice; and disputes with providers and associated legal concerns.","19 (8.8)","Timeline; Emotional representation","治疗决策中的心理焦虑","anxiety within treatment decision-making","in initial coding manual","在治疗决策过程中的心理困境","包括：纠结、无助、多方意见冲突","焦虑/担心/纠结/决定不了"
"Domain 2: Treatment decision-making (n = 215)","D2-5","Decisional distress","Burden arising from the decision rather than from the disease: the difficulty, indecision and helplessness generated by conflicting advice; and disputes with providers and associated legal concerns.","19 (8.8)","Timeline; Emotional representation","医疗纠纷与法律","medical disputes and legal concerns","added during coding (not in the initial manual; definition and criteria reconstructed from the coded material)","因治疗决策或治疗结果与医方发生的争议，以及由此产生的维权与法律层面的关切","包括：与医方的争议与投诉、维权与法律咨询、对纠纷后果的担忧。不包括：对医患沟通质量的一般性评价（归 D5-3）","纠纷/投诉/维权/打官司/律师/医闹/赔偿"
"Domain 3: Diagnostic appraisal (n = 164)","D3-1","Nodule characterisation and diagnosis","Establishing what an incidental nodule is: interpretation of ultrasound features including TI-RADS category, calcification and echogenicity; determination of benign versus malignant status through cytology and pathology; and serial monitoring of nodule size.","145 (88.4)","Illness identity","结节超声特征解读","interpreting ultrasound features","in initial coding manual","对甲状腺超声报告特征的解读","包括：TI-RADS分级、钙化特征、回声","结节/B超/超声/TI-RADS/钙化/低回声"
"Domain 3: Diagnostic appraisal (n = 164)","D3-1","Nodule characterisation and diagnosis","Establishing what an incidental nodule is: interpretation of ultrasound features including TI-RADS category, calcification and echogenicity; determination of benign versus malignant status through cytology and pathology; and serial monitoring of nodule size.","145 (88.4)","Illness identity","良恶性诊断判断","judging benign versus malignant","in initial coding manual","判断结节良恶性的方法和标准讨论","包括：穿刺活检、癌变风险、病理报告","癌变/恶性/良性/穿刺/活检/病理/确诊"
"Domain 3: Diagnostic appraisal (n = 164)","D3-1","Nodule characterisation and diagnosis","Establishing what an incidental nodule is: interpretation of ultrasound features including TI-RADS category, calcification and echogenicity; determination of benign versus malignant status through cytology and pathology; and serial monitoring of nodule size.","145 (88.4)","Illness identity","结节大小动态监测","serial monitoring of nodule size","in initial coding manual","对结节大小变化的监测与解读","包括：毫米变化、增大/缩小判断","结节大小/毫米/厘米/cm/mm/增大/缩小"
"Domain 3: Diagnostic appraisal (n = 164)","D3-2","Intervention timing and pathway","When and on what grounds to act on a finding: surgical indications and intervention thresholds; searching for and comparing treatment options; and general orientation to thyroid disease information.","65 (39.6)","Illness identity; Cure/Control (beliefs)","干预时机与标准判断","timing of and threshold for intervention","in initial coding manual","何时需要干预处理结节的判断","包括：手术指征、干预阈值","干预/治疗/手术时机/多大才需要"
"Domain 3: Diagnostic appraisal (n = 164)","D3-2","Intervention timing and pathway","When and on what grounds to act on a finding: surgical indications and intervention thresholds; searching for and comparing treatment options; and general orientation to thyroid disease information.","65 (39.6)","Illness identity; Cure/Control (beliefs)","治疗方式信息搜索","searching for treatment information","in initial coding manual","对治疗选项的信息搜索行为","包括：手术方式比较、消融了解","手术/手术方式/全切/半切/消融/是否手术"
"Domain 3: Diagnostic appraisal (n = 164)","D3-2","Intervention timing and pathway","When and on what grounds to act on a finding: surgical indications and intervention thresholds; searching for and comparing treatment options; and general orientation to thyroid disease information.","65 (39.6)","Illness identity; Cure/Control (beliefs)","甲状腺相关信息一般性描述","general thyroid information","added during coding (not in the initial manual; definition and criteria reconstructed from the coded material)","未指向个人具体决策的甲状腺疾病一般性信息陈述与科普转述","包括：疾病、检查或治疗方式的一般性介绍与科普转述。不包括：结合本人检查结果的解读（归 D3-1）、明确的指南或研究引用（归 D2-4）","甲状腺/科普/介绍/一般来说/常见/分为"
"Domain 3: Diagnostic appraisal (n = 164)","D3-3","Aetiology and risk factor awareness","Attempts to explain why the condition arose: recognised risk factors such as iodine intake, radiation, heredity and selenium; circadian disruption, night-time light exposure and melatonin; lay theories linking gut microbiota to thyroid function; and awareness of rising incidence and detection rates.","50 (30.5)","Cause","甲状腺疾病风险因素","risk factors for thyroid disease","in initial coding manual","甲状腺疾病的致病危险因素","包括：碘摄入、辐射、遗传、硒元素","危险因素/碘/硒/辐射/遗传/基因/环境"
"Domain 3: Diagnostic appraisal (n = 164)","D3-3","Aetiology and risk factor awareness","Attempts to explain why the condition arose: recognised risk factors such as iodine intake, radiation, heredity and selenium; circadian disruption, night-time light exposure and melatonin; lay theories linking gut microbiota to thyroid function; and awareness of rising incidence and detection rates.","50 (30.5)","Cause","生物节律与癌症风险","circadian rhythm and cancer risk","in initial coding manual","昼夜节律紊乱与甲状腺癌风险","包括：夜间灯光、褪黑素、睡眠","节律/昼夜/褪黑/睡眠/光照/生物钟"
"Domain 3: Diagnostic appraisal (n = 164)","D3-3","Aetiology and risk factor awareness","Attempts to explain why the condition arose: recognised risk factors such as iodine intake, radiation, heredity and selenium; circadian disruption, night-time light exposure and melatonin; lay theories linking gut microbiota to thyroid function; and awareness of rising incidence and detection rates.","50 (30.5)","Cause","肠道微生态与甲状腺","gut microbiota and thyroid function","in initial coding manual","肠道健康与甲状腺功能的关联","包括：肠道菌群、肠漏、益生菌","肠道/菌群/微生物/益生菌/肠漏"
"Domain 3: Diagnostic appraisal (n = 164)","D3-3","Aetiology and risk factor awareness","Attempts to explain why the condition arose: recognised risk factors such as iodine intake, radiation, heredity and selenium; circadian disruption, night-time light exposure and melatonin; lay theories linking gut microbiota to thyroid function; and awareness of rising incidence and detection rates.","50 (30.5)","Cause","流行病学认知","awareness of incidence trends","in initial coding manual","对甲状腺疾病发病率的认知","包括：高发趋势、检出率数据","发病率/流行病/数据/统计/普查/高发"
"Domain 3: Diagnostic appraisal (n = 164)","D3-4","Imaging and comorbidity concern","Concern about coexisting thyroid disease alongside the nodule itself, including hyperthyroidism, hypothyroidism and Hashimoto's thyroiditis.","36 (22.0)","Illness identity","甲状腺相关疾病并发","coexisting thyroid disease","in initial coding manual","甲状腺结节与其他甲状腺疾病的关联","包括：甲亢、甲减、桥本氏甲状腺炎","甲亢/甲减/桥本/甲状腺炎/自身免疫"
"Domain 3: Diagnostic appraisal (n = 164)","D3-5","Diagnostic anxiety and coping","Emotional response to diagnostic uncertainty, including anxiety following a health-check finding and fear while awaiting confirmation.","35 (21.3)","Illness identity; Emotional representation","诊断相关心理焦虑","diagnosis-related anxiety","in initial coding manual","发现结节/诊断后的心理反应","包括：体检后焦虑、确诊恐惧","焦虑/恐惧/害怕/担心/崩溃/心理"
"Domain 4: Evidence appraisal and critique of clinical practice (n = 126)","D4-1","Overtreatment and commercialisation critique","Criticism of the prevailing management of low-risk thyroid disease: systematic overinvestigation and unnecessary surgery; the design and misuse of population health-check screening; the commercial interests seen to drive overdiagnosis; and commentary on the health system more broadly.","53 (42.1)","Cure/Control (beliefs)","过度医疗批判","critique of overtreatment","in initial coding manual","对甲状腺疾病系统性过度诊疗的批判","包括：过度筛查、不必要手术","过度检查/过度治疗/过度筛查/滥查"
"Domain 4: Evidence appraisal and critique of clinical practice (n = 126)","D4-1","Overtreatment and commercialisation critique","Criticism of the prevailing management of low-risk thyroid disease: systematic overinvestigation and unnecessary surgery; the design and misuse of population health-check screening; the commercial interests seen to drive overdiagnosis; and commentary on the health system more broadly.","53 (42.1)","Cure/Control (beliefs)","体检筛查制度批判","critique of health-check screening","in initial coding manual","对中国体检筛查制度问题的批判","包括：体检项目滥用、机构利益","体检/筛查/普查/体检机构/体检项目"
"Domain 4: Evidence appraisal and critique of clinical practice (n = 126)","D4-1","Overtreatment and commercialisation critique","Criticism of the prevailing management of low-risk thyroid disease: systematic overinvestigation and unnecessary surgery; the design and misuse of population health-check screening; the commercial interests seen to drive overdiagnosis; and commentary on the health system more broadly.","53 (42.1)","Cure/Control (beliefs)","医疗商业化与利益批判","critique of commercialisation and vested interests","in initial coding manual","对医疗商业化驱动过度诊疗的批判","包括：医院利益、割韭菜","医疗体制/利益/商业/挣钱/割韭菜"
"Domain 4: Evidence appraisal and critique of clinical practice (n = 126)","D4-1","Overtreatment and commercialisation critique","Criticism of the prevailing management of low-risk thyroid disease: systematic overinvestigation and unnecessary surgery; the design and misuse of population health-check screening; the commercial interests seen to drive overdiagnosis; and commentary on the health system more broadly.","53 (42.1)","Cure/Control (beliefs)","医疗系统相关内容","commentary on the health system","added during coding (not in the initial manual; definition and criteria reconstructed from the coded material)","对医疗服务提供方式与制度层面因素的评论，作为过度诊疗与商业化批评的语境","包括：对体检与筛查制度、医疗资源配置、机构逐利倾向的评论。不包括：个人就医流程与导航（归 D5-2）、费用与报销的个人经验（归 D5-4）","体检/筛查/制度/医院/科室/创收/指标"
"Domain 4: Evidence appraisal and critique of clinical practice (n = 126)","D4-2","Microcarcinoma active surveillance advocacy","Argument for observation rather than immediate surgery in low-risk papillary microcarcinoma: advocacy for active surveillance and its eligibility and monitoring data; the controversy over operating on sub-centimetre cancers; and understanding of doubling time and indolent growth.","64 (50.8)","Cure/Control (beliefs); Timeline","主动监测策略倡导","advocacy for active surveillance","in initial coding manual","倡导不手术主动监测的内容","包括：观察适应症、监测数据","观察/主动监测/不手术/随访/等待"
"Domain 4: Evidence appraisal and critique of clinical practice (n = 126)","D4-2","Microcarcinoma active surveillance advocacy","Argument for observation rather than immediate surgery in low-risk papillary microcarcinoma: advocacy for active surveillance and its eligibility and monitoring data; the controversy over operating on sub-centimetre cancers; and understanding of doubling time and indolent growth.","64 (50.8)","Cure/Control (beliefs); Timeline","微小癌治疗争议","controversy over treating microcarcinoma","in initial coding manual","微小甲状腺癌过度手术的争议","包括：<1cm癌、观察vs手术","微小癌/乳头状/小于一厘米"
"Domain 4: Evidence appraisal and critique of clinical practice (n = 126)","D4-2","Microcarcinoma active surveillance advocacy","Argument for observation rather than immediate surgery in low-risk papillary microcarcinoma: advocacy for active surveillance and its eligibility and monitoring data; the controversy over operating on sub-centimetre cancers; and understanding of doubling time and indolent growth.","64 (50.8)","Cure/Control (beliefs); Timeline","肿瘤生长动态认知","understanding of tumour growth dynamics","in initial coding manual","甲状腺癌增长速度和惰性的认知","包括：倍增时间、进展缓慢","倍增/增长速度/进展/缓慢/惰性"
"Domain 4: Evidence appraisal and critique of clinical practice (n = 126)","D4-3","Evidence-based information and KOL reference","Sourcing of authority for a position: reference to international guidelines and standards such as ATA recommendations, Japanese surveillance data and WHO guidance; and reference to medical key opinion leaders encountered online.","49 (38.9)","Cure/Control (beliefs)","国际指南与标准参照","reference to international guidelines","in initial coding manual","参照国际医学指南的讨论","包括：ATA指南、日本数据、WHO推荐","指南/WHO/ATA/国际标准/美国/日本"
"Domain 4: Evidence appraisal and critique of clinical practice (n = 126)","D4-3","Evidence-based information and KOL reference","Sourcing of authority for a position: reference to international guidelines and standards such as ATA recommendations, Japanese surveillance data and WHO guidance; and reference to medical key opinion leaders encountered online.","49 (38.9)","Cure/Control (beliefs)","医疗KOL信息参照","reference to medical key opinion leaders","in initial coding manual","引用医疗KOL内容作为决策参考","包括：温哥华小文青等KOL内容","温哥华小文青/文青/KOL/医疗科普"
"Domain 4: Evidence appraisal and critique of clinical practice (n = 126)","D4-4","Radiation risk and screening harm","Harms arising from investigation rather than from disease: radiation dose from medical imaging and its perceived carcinogenic risk; and the quality of investigation, including missed diagnosis and procedural standards.","13 (10.3)","Cure/Control (beliefs)","医疗辐射风险","radiation risk from imaging","in initial coding manual","医疗检查中辐射风险的讨论","包括：CT辐射量、致癌风险","辐射/CT/X光/剂量/癌症风险"
"Domain 4: Evidence appraisal and critique of clinical practice (n = 126)","D4-4","Radiation risk and screening harm","Harms arising from investigation rather than from disease: radiation dose from medical imaging and its perceived carcinogenic risk; and the quality of investigation, including missed diagnosis and procedural standards.","13 (10.3)","Cure/Control (beliefs)","医疗质量与误诊风险","care quality and misdiagnosis risk","in initial coding manual","医疗机构检查质量和误诊问题","包括：漏诊、操作规范","漏诊/误诊/错误/质量/操作规范"
"Domain 4: Evidence appraisal and critique of clinical practice (n = 126)","D4-5","Ablation appraisal and provider choice","Appraisal of ablation together with the burdens that accompany appraisal itself: indications for and outcomes of radiofrequency and microwave ablation; the psychological burden generated by unnecessary screening; and guidance on identifying an appropriate institution or specialist.","51 (40.5)","Cure/Control (beliefs); Emotional representation","消融治疗信息讨论","discussion of ablation","in initial coding manual","消融治疗的适应症和效果讨论","包括：射频消融、微波消融","消融/射频/微波/创伤小/微创"
"Domain 4: Evidence appraisal and critique of clinical practice (n = 126)","D4-5","Ablation appraisal and provider choice","Appraisal of ablation together with the burdens that accompany appraisal itself: indications for and outcomes of radiofrequency and microwave ablation; the psychological burden generated by unnecessary screening; and guidance on identifying an appropriate institution or specialist.","51 (40.5)","Cure/Control (beliefs); Emotional representation","就医机构选择导航","choosing an institution or specialist","in initial coding manual","寻找合适医疗机构的指导","包括：医院选择、专科推荐","就医/选医院/大医院/专科/找医生"
"Domain 4: Evidence appraisal and critique of clinical practice (n = 126)","D4-5","Ablation appraisal and provider choice","Appraisal of ablation together with the burdens that accompany appraisal itself: indications for and outcomes of radiofrequency and microwave ablation; the psychological burden generated by unnecessary screening; and guidance on identifying an appropriate institution or specialist.","51 (40.5)","Cure/Control (beliefs); Emotional representation","诊断焦虑与心理负担","screening-related anxiety and psychological burden","in initial coding manual","不必要筛查导致的心理负担","包括：焦虑、过度担心","焦虑/担心/害怕/恐惧/心理负担"
"Domain 5: Care-seeking experience (n = 277)","D5-1","Surgical and ablation treatment experience","First-person accounts of undergoing treatment: preparation, procedure and recovery for open surgery including total, hemi- and endoscopic thyroidectomy; and the equivalent full course for radiofrequency or microwave ablation.","264 (95.3)","Cure/Control (action); Consequences","外科手术经历叙述","account of undergoing open surgery","in initial coding manual","外科手术的准备、过程、康复叙述","包括：全切/半切、腔镜手术经历","手术/全切/半切/腔镜/机器人"
"Domain 5: Care-seeking experience (n = 277)","D5-1","Surgical and ablation treatment experience","First-person accounts of undergoing treatment: preparation, procedure and recovery for open surgery including total, hemi- and endoscopic thyroidectomy; and the equivalent full course for radiofrequency or microwave ablation.","264 (95.3)","Cure/Control (action); Consequences","消融手术全程经历","full account of undergoing ablation","in initial coding manual","消融手术的准备、过程、康复经历","包括：射频消融、微波消融全程","消融/射频/微波/热消融/消融手术"
"Domain 5: Care-seeking experience (n = 277)","D5-2","Navigation and logistics","The practical work of obtaining care: hospital processes including appointment booking, admission and discharge; choice between institutions and between regions; and the passing on of practical advice to other patients.","182 (65.7)","Cure/Control (action); Illness identity","就医流程与医院导航","hospital processes and navigation","in initial coding manual","医院就诊流程和注意事项分享","包括：挂号、住院、出院流程","挂号/预约/门诊/住院/出院/床位"
"Domain 5: Care-seeking experience (n = 277)","D5-2","Navigation and logistics","The practical work of obtaining care: hospital processes including appointment booking, admission and discharge; choice between institutions and between regions; and the passing on of practical advice to other patients.","182 (65.7)","Cure/Control (action); Illness identity","医院选择与地域","choice of hospital and region","in initial coding manual","不同地区和医院的选择讨论","包括：大城市三甲、地方医院比较","私立/公立/北京/上海/广州/协和/华西"
"Domain 5: Care-seeking experience (n = 277)","D5-2","Navigation and logistics","The practical work of obtaining care: hospital processes including appointment booking, admission and discharge; choice between institutions and between regions; and the passing on of practical advice to other patients.","182 (65.7)","Cure/Control (action); Illness identity","就医经验分享","sharing practical advice with peers","in initial coding manual","向他人分享就医经历和建议","包括：给病友的建议、经验总结","建议/经验/分享/病友/参考/推荐"
"Domain 5: Care-seeking experience (n = 277)","D5-3","Provider interaction and coordination","The clinical encounter and its practical accompaniments: communication with clinicians and nursing staff; itemised treatment costs and insurance reimbursement; and bodily experience during the procedure including pain, anaesthesia and discomfort.","151 (54.5)","Illness identity; Cure/Control (action)","医患沟通与互动","clinician-patient communication","in initial coding manual","与医护人员沟通的经历","包括：医生建议、护患关系","医生/主任/教授/护士/医生说"
"Domain 5: Care-seeking experience (n = 277)","D5-3","Provider interaction and coordination","The clinical encounter and its practical accompaniments: communication with clinicians and nursing staff; itemised treatment costs and insurance reimbursement; and bodily experience during the procedure including pain, anaesthesia and discomfort.","151 (54.5)","Illness identity; Cure/Control (action)","医疗费用与医保报销","treatment costs and insurance reimbursement","in initial coding manual","治疗费用明细和医保报销经历","包括：费用清单、自费比例","费用/医保/自费/报销/多少钱/材料费"
"Domain 5: Care-seeking experience (n = 277)","D5-3","Provider interaction and coordination","The clinical encounter and its practical accompaniments: communication with clinicians and nursing staff; itemised treatment costs and insurance reimbursement; and bodily experience during the procedure including pain, anaesthesia and discomfort.","151 (54.5)","Illness identity; Cure/Control (action)","治疗过程躯体体验","bodily experience during the procedure","in initial coding manual","治疗过程中的身体感受","包括：疼痛、麻醉体验、不适","疼痛/麻醉/不舒服/副作用/并发症"
"Domain 5: Care-seeking experience (n = 277)","D5-4","Service experience and costs","How a treatment plan is arrived at within the service: comparison of options and the grounds for choosing between them; and the conduct and reporting of diagnostic investigations such as ultrasound, fine-needle aspiration and thyroid function testing.","75 (27.1)","Cure/Control (action)","治疗方案选择过程","arriving at a treatment plan","in initial coding manual","在多种治疗方案中做选择的过程","包括：方案比较、决策依据","选择/决定/纠结/考虑/方案/哪家医院"
"Domain 5: Care-seeking experience (n = 277)","D5-4","Service experience and costs","How a treatment plan is arrived at within the service: comparison of options and the grounds for choosing between them; and the conduct and reporting of diagnostic investigations such as ultrasound, fine-needle aspiration and thyroid function testing.","75 (27.1)","Cure/Control (action)","诊断检查流程与结果","diagnostic work-up process and results","in initial coding manual","诊断性检查的流程和结果经历","包括：B超、穿刺、甲功检查","B超/超声/穿刺/活检/甲功/化验"
"Domain 5: Care-seeking experience (n = 277)","D5-5","Emotional response and adjustment","Emotion arising within the care-seeking process itself, including tension, anxiety and fear during consultations and procedures, together with the management of follow-up once treatment is complete.","13 (4.7)","Emotional representation; Cure/Control (action)","就医过程心理情绪","emotions during care-seeking","in initial coding manual","就医过程中的心理情绪体验","包括：紧张、焦虑、恐惧、担心","心理/焦虑/害怕/担心/紧张/崩溃"
"Domain 5: Care-seeking experience (n = 277)","D5-5","Emotional response and adjustment","Emotion arising within the care-seeking process itself, including tension, anxiety and fear during consultations and procedures, together with the management of follow-up once treatment is complete.","13 (4.7)","Emotional representation; Cure/Control (action)","治疗后随访管理","managing post-treatment follow-up","in initial coding manual","治疗结束后的复查随访管理","包括：定期复查、用药监测","优甲乐/TSH/复查/随访/定期复查"
