anon_id,platform,topic,topic_probability,sentiment,char_count
P0001,Douyin,T1,0.4641,Positive,384
P0002,Douyin,T1,0.5181,Neutral,245
P0003,Douyin,T1,0.6092,Neutral,101
P0004,Douyin,T1,0.6724,Positive,389
P0005,Douyin,T1,0.5161,Negative,291
P0006,Douyin,T1,0.7885,Positive,464
P0007,Douyin,T1,0.4567,Neutral,54
P0008,Douyin,T1,0.4062,Neutral,75
P0009,Douyin,T1,0.4583,Neutral,31
P0010,Douyin,T1,0.4377,Positive,491
P0011,Douyin,T1,0.7283,Neutral,232
P0012,Douyin,T1,0.5162,Neutral,252
P0013,Douyin,T1,0.4968,Negative,668
P0014,Douyin,T1,0.7846,Negative,132
P0015,Douyin,T1,0.5898,Neutral,866
P0016,Douyin,T1,0.9673,Positive,108
P0017,Douyin,T1,0.9493,Positive,53
P0018,Douyin,T1,0.9549,Negative,284
P0019,Douyin,T1,0.9257,Neutral,45
P0020,Douyin,T1,0.6652,Neutral,30
P0021,Douyin,T1,0.5443,Neutral,568
P0022,Douyin,T1,0.6579,Negative,49
P0023,Douyin,T1,0.6166,Neutral,198
P0024,Douyin,T1,0.6939,Neutral,211
P0025,Douyin,T1,0.5667,Positive,576
P0026,Douyin,T2,0.5765,Neutral,39
P0027,Douyin,T2,0.9178,Negative,29
P0028,Douyin,T2,0.5638,Neutral,922
P0029,Douyin,T2,0.9913,Neutral,377
P0030,Douyin,T2,0.604,Neutral,26
P0031,Douyin,T2,0.9582,Positive,66
P0032,Douyin,T2,0.8576,Neutral,473
P0033,Douyin,T2,0.9958,Neutral,786
P0034,Douyin,T2,0.5496,Positive,354
P0035,Douyin,T2,0.9907,Neutral,360
P0036,Douyin,T2,0.982,Positive,529
P0037,Douyin,T2,0.5863,Positive,709
P0038,Douyin,T2,0.8399,Neutral,143
P0039,Douyin,T2,0.6208,Positive,191
P0040,Douyin,T2,0.4135,Positive,202
P0041,Douyin,T2,0.5456,Positive,31
P0042,Douyin,T2,0.5431,Neutral,36
P0043,Douyin,T2,0.5377,Neutral,23
P0044,Douyin,T2,0.5925,Neutral,22
P0045,Douyin,T2,0.8652,Neutral,28
P0046,Douyin,T2,0.9096,Neutral,24
P0047,Douyin,T2,0.9262,Neutral,38
P0048,Douyin,T2,0.9595,Neutral,72
P0049,Douyin,T2,0.6502,Neutral,84
P0050,Douyin,T2,0.8371,Neutral,29
P0051,Douyin,T2,0.8837,Neutral,32
P0052,Douyin,T2,0.7674,Positive,45
P0053,Douyin,T2,0.5537,Negative,536
P0054,Douyin,T2,0.5744,Positive,844
P0055,Douyin,T2,0.8981,Neutral,26
P0056,Douyin,T2,0.6163,Neutral,83
P0057,Douyin,T2,0.8963,Neutral,30
P0058,Douyin,T2,0.7024,Negative,24
P0059,Douyin,T2,0.6129,Neutral,57
P0060,Douyin,T3,0.9236,Neutral,47
P0061,Douyin,T3,0.493,Negative,250
P0062,Douyin,T3,0.8826,Positive,30
P0063,Douyin,T3,0.7035,Positive,158
P0064,Douyin,T3,0.4815,Neutral,61
P0065,Douyin,T3,0.8849,Positive,26
P0066,Douyin,T3,0.8345,Positive,624
P0067,Douyin,T3,0.7945,Negative,618
P0068,Douyin,T3,0.8061,Negative,58
P0069,Douyin,T3,0.6609,Neutral,509
P0070,Douyin,T3,0.9185,Positive,36
P0071,Douyin,T3,0.9656,Positive,114
P0072,Douyin,T3,0.6769,Negative,306
P0073,Douyin,T3,0.5379,Neutral,165
P0074,Douyin,T3,0.5163,Positive,61
P0075,Douyin,T3,0.7363,Negative,96
P0076,Douyin,T3,0.9091,Neutral,26
P0077,Douyin,T3,0.4953,Positive,55
P0078,Douyin,T3,0.9415,Neutral,60
P0079,Douyin,T3,0.909,Positive,33
P0080,Douyin,T3,0.8446,Neutral,66
P0081,Douyin,T3,0.547,Positive,115
P0082,Douyin,T3,0.884,Neutral,46
P0083,Douyin,T3,0.866,Positive,26
P0084,Douyin,T3,0.8663,Positive,47
P0085,Douyin,T3,0.521,Positive,53
P0086,Douyin,T3,0.9668,Neutral,126
P0087,Douyin,T3,0.7429,Positive,70
P0088,Douyin,T3,0.7445,Neutral,243
P0089,Douyin,T3,0.8846,Neutral,31
P0090,Douyin,T3,0.9674,Neutral,99
P0091,Douyin,T3,0.6627,Negative,83
P0092,Douyin,T3,0.6125,Neutral,70
P0093,Douyin,T3,0.9522,Neutral,75
P0094,Douyin,T3,0.958,Positive,287
P0095,Douyin,T3,0.4961,Neutral,24
P0096,Douyin,T3,0.7882,Neutral,101
P0097,Douyin,T3,0.8842,Neutral,32
P0098,Douyin,T3,0.9645,Positive,103
P0099,Douyin,T3,0.4736,Neutral,52
P0100,Douyin,T4,0.9873,Neutral,231
P0101,Douyin,T4,0.909,Neutral,40
P0102,Douyin,T4,0.9925,Neutral,396
P0103,Douyin,T4,0.9877,Neutral,225
P0104,Douyin,T4,0.9799,Neutral,135
P0105,Douyin,T4,0.9656,Neutral,90
P0106,Douyin,T4,0.7372,Neutral,67
P0107,Douyin,T4,0.7619,Positive,539
P0108,Douyin,T4,0.8938,Neutral,926
P0109,Douyin,T4,0.909,Neutral,35
P0110,Douyin,T4,0.7506,Neutral,521
P0111,Douyin,T4,0.6886,Positive,519
P0112,Douyin,T4,0.9954,Neutral,596
P0113,Douyin,T4,0.9938,Negative,469
P0114,Douyin,T4,0.9924,Neutral,378
P0115,Douyin,T4,0.4341,Positive,891
P0116,Douyin,T4,0.8221,Positive,562
P0117,Douyin,T4,0.6655,Neutral,381
P0118,Douyin,T4,0.664,Neutral,39
P0119,Douyin,T4,0.4568,Neutral,28
P0120,Douyin,T4,0.9969,Neutral,963
P0121,Douyin,T4,0.7697,Positive,347
P0122,Douyin,T4,0.7353,Neutral,37
P0123,Douyin,T4,0.8222,Neutral,297
P0124,Douyin,T4,0.8577,Positive,199
P0125,Douyin,T4,0.7586,Neutral,1020
P0126,Douyin,T4,0.5482,Neutral,888
P0127,Douyin,T4,0.9954,Neutral,565
P0128,Douyin,T4,0.5664,Neutral,147
P0129,Douyin,T4,0.8755,Positive,389
P0130,Douyin,T4,0.3699,Neutral,119
P0131,Douyin,T4,0.7746,Negative,935
P0132,Douyin,T4,0.7114,Positive,129
P0133,Douyin,T4,0.6059,Neutral,89
P0134,Douyin,T4,0.8421,Neutral,138
P0135,Douyin,T4,0.9728,Neutral,109
P0136,Douyin,T4,0.8841,Neutral,23
P0137,Douyin,T4,0.645,Neutral,26
P0138,Douyin,T4,0.8845,Neutral,23
P0139,Douyin,T4,0.8065,Neutral,222
P0140,Douyin,T4,0.9811,Neutral,150
P0141,Douyin,T4,0.955,Neutral,77
P0142,Douyin,T4,0.7373,Neutral,24
P0143,Douyin,T4,0.8345,Positive,24
P0144,Douyin,T4,0.764,Neutral,109
P0145,Douyin,T4,0.3866,Positive,895
P0146,Douyin,T4,0.5372,Positive,564
P0147,Douyin,T4,0.8977,Neutral,28
P0148,Douyin,T4,0.9417,Neutral,39
P0149,Douyin,T4,0.8819,Neutral,26
P0150,Douyin,T4,0.7976,Neutral,37
P0151,Douyin,T4,0.9572,Neutral,78
P0152,Douyin,T4,0.8994,Neutral,218
P0153,Douyin,T4,0.9322,Neutral,42
P0154,Douyin,T4,0.8363,Neutral,23
P0155,Douyin,T4,0.9899,Neutral,311
P0156,Douyin,T5,0.5579,Positive,53
P0157,Douyin,T5,0.4703,Neutral,588
P0158,Douyin,T5,0.5949,Neutral,31
P0159,Douyin,T5,0.6645,Positive,42
P0160,Douyin,T5,0.5208,Negative,39
P0161,Douyin,T5,0.473,Positive,258
P0162,Douyin,T5,0.9457,Positive,58
P0163,Douyin,T5,0.7993,Neutral,25
P0164,Douyin,T5,0.3843,Neutral,57
P0165,Douyin,T5,0.4977,Negative,22
P0166,Douyin,T5,0.3624,Neutral,135
P0167,Douyin,T5,0.4134,Negative,213
P0168,Douyin,T5,0.4938,Neutral,375
P0169,Douyin,T5,0.3798,Positive,269
P0170,Douyin,T5,0.5542,Positive,639
P0171,Douyin,T5,0.6433,Neutral,146
P0172,Douyin,T5,0.8833,Negative,24
P0173,Douyin,T5,0.4767,Neutral,21
P0174,Douyin,T5,0.7969,Neutral,22
P0175,Douyin,T5,0.8844,Neutral,25
P0176,Douyin,T5,0.8985,Neutral,28
P0177,Douyin,T5,0.4932,Positive,45
P0178,Douyin,T5,0.7632,Neutral,54
P0179,Douyin,T5,0.9185,Positive,27
P0180,Douyin,T5,0.4777,Positive,467
P0181,Douyin,T5,0.5575,Negative,506
P0182,Weibo,T1,0.597,Negative,818
P0183,Weibo,T1,0.6108,Neutral,725
P0184,Weibo,T1,0.5233,Positive,226
P0185,Weibo,T1,0.5131,Neutral,902
P0186,Weibo,T1,0.6826,Positive,286
P0187,Weibo,T1,0.739,Neutral,924
P0188,Weibo,T1,0.4097,Negative,660
P0189,Weibo,T1,0.8807,Neutral,186
P0190,Weibo,T1,0.8542,Negative,509
P0191,Weibo,T1,0.5192,Neutral,227
P0192,Weibo,T1,0.5509,Positive,330
P0193,Weibo,T1,0.4906,Positive,369
P0194,Weibo,T1,0.4047,Neutral,396
P0195,Weibo,T1,0.4536,Negative,721
P0196,Weibo,T1,0.6282,Negative,33
P0197,Weibo,T1,0.4206,Positive,177
P0198,Weibo,T1,0.7737,Neutral,117
P0199,Weibo,T1,0.7677,Neutral,112
P0200,Weibo,T1,0.6218,Neutral,103
P0201,Weibo,T1,0.4923,Negative,426
P0202,Weibo,T1,0.5386,Positive,144
P0203,Weibo,T1,0.7023,Positive,355
P0204,Weibo,T1,0.6368,Positive,373
P0205,Weibo,T1,0.4903,Neutral,181
P0206,Weibo,T1,0.5468,Neutral,161
P0207,Weibo,T1,0.6311,Neutral,84
P0208,Weibo,T1,0.605,Negative,1301
P0209,Weibo,T1,0.6044,Negative,313
P0210,Weibo,T2,0.7132,Neutral,1527
P0211,Weibo,T2,0.5408,Neutral,480
P0212,Weibo,T2,0.5026,Neutral,235
P0213,Weibo,T2,0.9071,Neutral,595
P0214,Weibo,T2,0.5608,Negative,385
P0215,Weibo,T2,0.4083,Neutral,56
P0216,Weibo,T2,0.5809,Neutral,702
P0217,Weibo,T2,0.5685,Negative,288
P0218,Weibo,T2,0.7387,Negative,877
P0219,Weibo,T2,0.5259,Positive,676
P0220,Weibo,T2,0.8456,Neutral,73
P0221,Weibo,T2,0.3519,Positive,173
P0222,Weibo,T2,0.9847,Neutral,319
P0223,Weibo,T2,0.7221,Neutral,98
P0224,Weibo,T2,0.9588,Neutral,108
P0225,Weibo,T2,0.5517,Neutral,120
P0226,Weibo,T2,0.9769,Neutral,116
P0227,Weibo,T2,0.3241,Neutral,89
P0228,Weibo,T2,0.9896,Negative,345
P0229,Weibo,T2,0.9907,Negative,348
P0230,Weibo,T2,0.9904,Neutral,343
P0231,Weibo,T2,0.7963,Neutral,643
P0232,Weibo,T2,0.9903,Neutral,333
P0233,Weibo,T2,0.9905,Negative,355
P0234,Weibo,T2,0.7272,Neutral,430
P0235,Weibo,T2,0.9049,Neutral,227
P0236,Weibo,T2,0.8695,Negative,430
P0237,Weibo,T2,0.9175,Negative,405
P0238,Weibo,T2,0.9924,Negative,425
P0239,Weibo,T2,0.9928,Neutral,420
P0240,Weibo,T2,0.8119,Neutral,460
P0241,Weibo,T2,0.7527,Neutral,140
P0242,Weibo,T2,0.8491,Neutral,640
P0243,Weibo,T2,0.5957,Neutral,30
P0244,Weibo,T2,0.4518,Neutral,770
P0245,Weibo,T2,0.9496,Neutral,293
P0246,Weibo,T2,0.5761,Neutral,132
P0247,Weibo,T2,0.9811,Neutral,148
P0248,Weibo,T2,0.9935,Negative,510
P0249,Weibo,T2,0.4295,Negative,411
P0250,Weibo,T2,0.7767,Negative,767
P0251,Weibo,T2,0.7999,Negative,465
P0252,Weibo,T2,0.5188,Positive,231
P0253,Weibo,T3,0.9956,Positive,863
P0254,Weibo,T3,0.3795,Neutral,460
P0255,Weibo,T3,0.997,Neutral,1405
P0256,Weibo,T3,0.7766,Neutral,4991
P0257,Weibo,T3,0.6867,Negative,344
P0258,Weibo,T3,0.4564,Negative,396
P0259,Weibo,T3,0.3839,Neutral,600
P0260,Weibo,T3,0.798,Negative,2706
P0261,Weibo,T3,0.5116,Neutral,313
P0262,Weibo,T3,0.6847,Neutral,646
P0263,Weibo,T3,0.6278,Neutral,1843
P0264,Weibo,T3,0.9482,Neutral,404
P0265,Weibo,T3,0.7904,Neutral,372
P0266,Weibo,T3,0.9593,Positive,50
P0267,Weibo,T3,0.8927,Neutral,110
P0268,Weibo,T3,0.8373,Negative,3064
P0269,Weibo,T3,0.6145,Positive,185
P0270,Weibo,T3,0.9965,Positive,1726
P0271,Weibo,T3,0.7409,Negative,195
P0272,Weibo,T3,0.9096,Neutral,128
P0273,Weibo,T3,0.5443,Neutral,84
P0274,Weibo,T3,0.6532,Neutral,142
P0275,Weibo,T3,0.566,Neutral,233
P0276,Weibo,T3,0.8442,Negative,320
P0277,Weibo,T3,0.7654,Neutral,597
P0278,Weibo,T3,0.479,Negative,45
P0279,Weibo,T3,0.5545,Positive,247
P0280,Weibo,T3,0.4484,Positive,1793
P0281,Weibo,T3,0.9129,Positive,223
P0282,Weibo,T3,0.7586,Neutral,1043
P0283,Weibo,T3,0.3938,Positive,156
P0284,Weibo,T3,0.5958,Positive,35
P0285,Weibo,T3,0.6288,Neutral,253
P0286,Weibo,T3,0.7235,Positive,78
P0287,Weibo,T3,0.6893,Positive,365
P0288,Weibo,T3,0.4933,Neutral,667
P0289,Weibo,T3,0.9686,Neutral,126
P0290,Weibo,T3,0.3319,Neutral,271
P0291,Weibo,T3,0.6531,Neutral,1257
P0292,Weibo,T3,0.5904,Negative,375
P0293,Weibo,T3,0.961,Neutral,180
P0294,Weibo,T3,0.7514,Positive,777
P0295,Weibo,T3,0.7096,Positive,86
P0296,Weibo,T3,0.771,Positive,177
P0297,Weibo,T3,0.8293,Negative,85
P0298,Weibo,T3,0.4337,Neutral,726
P0299,Weibo,T3,0.6671,Negative,325
P0300,Weibo,T3,0.5037,Positive,503
P0301,Weibo,T3,0.4613,Negative,1153
P0302,Weibo,T3,0.4616,Neutral,617
P0303,Weibo,T3,0.6302,Neutral,399
P0304,Weibo,T3,0.6958,Positive,409
P0305,Weibo,T3,0.7547,Negative,582
P0306,Weibo,T3,0.8987,Negative,41
P0307,Weibo,T3,0.7856,Negative,421
P0308,Weibo,T3,0.8836,Negative,23
P0309,Weibo,T3,0.9484,Neutral,552
P0310,Weibo,T3,0.3004,Neutral,158
P0311,Weibo,T3,0.7344,Neutral,525
P0312,Weibo,T3,0.5899,Positive,106
P0313,Weibo,T3,0.7441,Neutral,107
P0314,Weibo,T3,0.473,Neutral,186
P0315,Weibo,T3,0.5691,Neutral,394
P0316,Weibo,T3,0.8178,Neutral,988
P0317,Weibo,T3,0.6155,Neutral,433
P0318,Weibo,T3,0.5301,Neutral,1404
P0319,Weibo,T3,0.5773,Neutral,107
P0320,Weibo,T3,0.7897,Negative,80
P0321,Weibo,T3,0.5837,Negative,1743
P0322,Weibo,T3,0.8867,Negative,999
P0323,Weibo,T3,0.3447,Neutral,679
P0324,Weibo,T3,0.5586,Negative,1041
P0325,Weibo,T3,0.6812,Neutral,492
P0326,Weibo,T3,0.5126,Positive,527
P0327,Weibo,T3,0.621,Neutral,253
P0328,Weibo,T3,0.5847,Positive,2632
P0329,Weibo,T3,0.4951,Negative,1801
P0330,Weibo,T3,0.4292,Neutral,1309
P0331,Weibo,T3,0.8797,Neutral,534
P0332,Weibo,T3,0.5506,Neutral,336
P0333,Weibo,T3,0.3819,Negative,1051
P0334,Weibo,T3,0.4264,Positive,777
P0335,Weibo,T3,0.8334,Negative,1425
P0336,Weibo,T3,0.3983,Negative,390
P0337,Weibo,T3,0.8293,Negative,52
P0338,Weibo,T3,0.5182,Neutral,220
P0339,Weibo,T3,0.9671,Neutral,98
P0340,Weibo,T4,0.8818,Negative,731
P0341,Weibo,T4,0.6735,Neutral,49
P0342,Weibo,T4,0.5766,Neutral,148
P0343,Weibo,T4,0.9059,Positive,777
P0344,Weibo,T4,0.8776,Neutral,579
P0345,Weibo,T4,0.9792,Negative,148
P0346,Weibo,T4,0.9963,Neutral,766
P0347,Weibo,T4,0.973,Neutral,116
P0348,Weibo,T4,0.9967,Neutral,801
P0349,Weibo,T4,0.9965,Neutral,765
P0350,Weibo,T4,0.5479,Negative,483
P0351,Weibo,T4,0.6184,Negative,772
P0352,Weibo,T4,0.9965,Neutral,803
P0353,Weibo,T4,0.5904,Negative,2082
P0354,Weibo,T4,0.6682,Neutral,503
P0355,Weibo,T4,0.9894,Positive,271
P0356,Weibo,T4,0.6078,Positive,323
P0357,Weibo,T4,0.8892,Neutral,239
P0358,Weibo,T4,0.5524,Negative,397
P0359,Weibo,T4,0.6477,Negative,475
P0360,Weibo,T4,0.5025,Negative,1143
P0361,Weibo,T4,0.3955,Neutral,246
P0362,Weibo,T4,0.9966,Neutral,845
P0363,Weibo,T4,0.9701,Neutral,105
P0364,Weibo,T4,0.9476,Neutral,780
P0365,Weibo,T4,0.9766,Positive,114
P0366,Weibo,T4,0.8359,Neutral,799
P0367,Weibo,T4,0.9964,Neutral,762
P0368,Weibo,T4,0.9959,Neutral,698
P0369,Weibo,T4,0.9961,Neutral,726
P0370,Weibo,T4,0.8993,Neutral,350
P0371,Weibo,T4,0.8675,Negative,346
P0372,Weibo,T4,0.4725,Neutral,32
P0373,Weibo,T4,0.9835,Negative,825
P0374,Weibo,T4,0.9417,Positive,709
P0375,Weibo,T4,0.6575,Neutral,244
P0376,Weibo,T4,0.9963,Neutral,717
P0377,Weibo,T4,0.5087,Positive,860
P0378,Weibo,T4,0.986,Neutral,248
P0379,Weibo,T4,0.9934,Positive,435
P0380,Weibo,T4,0.6361,Neutral,736
P0381,Weibo,T4,0.9959,Neutral,730
P0382,Weibo,T4,0.7121,Neutral,575
P0383,Weibo,T4,0.507,Neutral,54
P0384,Weibo,T4,0.633,Negative,133
P0385,Weibo,T4,0.8009,Neutral,140
P0386,Weibo,T4,0.5096,Negative,2210
P0387,Weibo,T4,0.9166,Neutral,714
P0388,Weibo,T4,0.9934,Positive,434
P0389,Weibo,T4,0.4298,Positive,3593
P0390,Weibo,T4,0.718,Neutral,1612
P0391,Weibo,T4,0.4812,Neutral,977
P0392,Weibo,T4,0.8834,Neutral,37
P0393,Weibo,T4,0.3947,Negative,899
P0394,Weibo,T4,0.8021,Neutral,705
P0395,Weibo,T4,0.6449,Negative,139
P0396,Weibo,T4,0.91,Neutral,239
P0397,Weibo,T4,0.6687,Neutral,701
P0398,Weibo,T4,0.4596,Neutral,299
P0399,Weibo,T4,0.8012,Negative,322
P0400,Weibo,T4,0.6156,Neutral,778
P0401,Weibo,T4,0.8039,Neutral,247
P0402,Weibo,T4,0.5355,Negative,482
P0403,Weibo,T4,0.8458,Neutral,891
P0404,Weibo,T4,0.9951,Neutral,573
P0405,Weibo,T4,0.7623,Neutral,531
P0406,Weibo,T4,0.7153,Neutral,263
P0407,Weibo,T4,0.4955,Neutral,21
P0408,Weibo,T4,0.7507,Negative,377
P0409,Weibo,T4,0.8082,Neutral,126
P0410,Weibo,T4,0.8826,Neutral,181
P0411,Weibo,T4,0.9722,Neutral,666
P0412,Weibo,T4,0.993,Neutral,468
P0413,Weibo,T4,0.9883,Neutral,278
P0414,Weibo,T4,0.9847,Neutral,204
P0415,Weibo,T4,0.9914,Neutral,321
P0416,Weibo,T4,0.9659,Negative,93
P0417,Weibo,T4,0.5466,Neutral,255
P0418,Weibo,T4,0.871,Neutral,797
P0419,Weibo,T4,0.7304,Neutral,524
P0420,Weibo,T4,0.6674,Neutral,468
P0421,Weibo,T4,0.6883,Positive,431
P0422,Weibo,T4,0.5718,Neutral,311
P0423,Weibo,T4,0.375,Neutral,310
P0424,Weibo,T4,0.5125,Neutral,132
P0425,Weibo,T4,0.5356,Neutral,80
P0426,Weibo,T4,0.3868,Negative,75
P0427,Weibo,T4,0.8775,Negative,497
P0428,Weibo,T4,0.9708,Neutral,81
P0429,Weibo,T4,0.9254,Neutral,53
P0430,Weibo,T4,0.7744,Neutral,142
P0431,Weibo,T4,0.5494,Neutral,113
P0432,Weibo,T4,0.5421,Neutral,308
P0433,Weibo,T4,0.5817,Neutral,820
P0434,Weibo,T4,0.6927,Positive,495
P0435,Weibo,T4,0.5997,Positive,1390
P0436,Weibo,T4,0.7059,Neutral,111
P0437,Weibo,T4,0.4096,Neutral,125
P0438,Weibo,T4,0.9037,Neutral,878
P0439,Weibo,T4,0.6601,Neutral,170
P0440,Weibo,T4,0.6106,Negative,301
P0441,Weibo,T4,0.8845,Neutral,111
P0442,Weibo,T4,0.9352,Neutral,351
P0443,Weibo,T4,0.7606,Neutral,109
P0444,Weibo,T4,0.7292,Neutral,75
P0445,Weibo,T4,0.7984,Neutral,102
P0446,Weibo,T4,0.9783,Neutral,141
P0447,Weibo,T4,0.587,Neutral,230
P0448,Weibo,T4,0.6831,Neutral,85
P0449,Weibo,T4,0.7428,Neutral,262
P0450,Weibo,T4,0.7929,Neutral,75
P0451,Weibo,T4,0.6501,Neutral,2322
P0452,Weibo,T4,0.8334,Neutral,338
P0453,Weibo,T4,0.7033,Neutral,515
P0454,Weibo,T4,0.453,Neutral,593
P0455,Weibo,T4,0.835,Neutral,435
P0456,Weibo,T4,0.4182,Negative,175
P0457,Weibo,T4,0.7506,Neutral,902
P0458,Weibo,T4,0.6176,Negative,178
P0459,Weibo,T4,0.6216,Neutral,1023
P0460,Weibo,T4,0.7497,Neutral,3886
P0461,Weibo,T4,0.8409,Neutral,433
P0462,Weibo,T4,0.9971,Positive,984
P0463,Weibo,T4,0.7742,Neutral,293
P0464,Weibo,T4,0.5416,Positive,795
P0465,Weibo,T4,0.6937,Negative,357
P0466,Weibo,T4,0.5953,Negative,1123
P0467,Weibo,T4,0.7614,Negative,1863
P0468,Weibo,T4,0.7076,Positive,319
P0469,Weibo,T4,0.9895,Neutral,282
P0470,Weibo,T4,0.5219,Positive,191
P0471,Weibo,T4,0.7926,Neutral,556
P0472,Weibo,T4,0.7864,Neutral,627
P0473,Weibo,T4,0.5873,Neutral,324
P0474,Weibo,T4,0.4607,Neutral,455
P0475,Weibo,T4,0.5931,Neutral,567
P0476,Weibo,T4,0.4785,Neutral,125
P0477,Weibo,T4,0.8829,Neutral,811
P0478,Weibo,T4,0.7358,Negative,1142
P0479,Weibo,T4,0.996,Neutral,763
P0480,Weibo,T4,0.9791,Neutral,135
P0481,Weibo,T4,0.6912,Negative,267
P0482,Weibo,T4,0.6507,Neutral,212
P0483,Weibo,T4,0.7424,Neutral,1240
P0484,Weibo,T4,0.8618,Neutral,378
P0485,Weibo,T4,0.87,Neutral,223
P0486,Weibo,T4,0.5322,Neutral,148
P0487,Weibo,T4,0.5592,Positive,179
P0488,Weibo,T4,0.5563,Neutral,98
P0489,Weibo,T4,0.3605,Neutral,114
P0490,Weibo,T5,0.5144,Positive,1182
P0491,Weibo,T5,0.4709,Positive,258
P0492,Weibo,T5,0.5283,Neutral,174
P0493,Weibo,T5,0.9792,Neutral,124
P0494,Weibo,T5,0.5449,Positive,177
P0495,Weibo,T5,0.5283,Positive,930
P0496,Weibo,T5,0.5089,Neutral,981
P0497,Weibo,T5,0.6379,Neutral,467
P0498,Weibo,T5,0.4511,Positive,45
P0499,Weibo,T5,0.6735,Negative,325
P0500,Weibo,T5,0.4222,Neutral,66
P0501,Weibo,T5,0.6253,Positive,247
P0502,Weibo,T5,0.5464,Neutral,133
P0503,Weibo,T5,0.9314,Negative,39
P0504,Weibo,T5,0.3519,Neutral,1634
P0505,Weibo,T5,0.8091,Neutral,224
P0506,Weibo,T5,0.6546,Negative,82
P0507,Weibo,T5,0.9367,Negative,419
P0508,Weibo,T5,0.7985,Neutral,474
P0509,Weibo,T5,0.5787,Positive,72
P0510,Weibo,T5,0.9311,Positive,205
P0511,Weibo,T5,0.876,Neutral,236
P0512,Weibo,T5,0.529,Neutral,116
P0513,Weibo,T5,0.7046,Neutral,266
P0514,Weibo,T5,0.9767,Negative,158
P0515,Weibo,T5,0.6438,Neutral,242
P0516,Weibo,T5,0.9279,Positive,332
P0517,Weibo,T5,0.7769,Positive,425
P0518,Weibo,T5,0.4427,Negative,38
P0519,Weibo,T5,0.6969,Neutral,125
P0520,Weibo,T5,0.5188,Neutral,455
P0521,Weibo,T5,0.6614,Negative,163
P0522,Weibo,T5,0.4593,Positive,396
P0523,Weibo,T5,0.4131,Positive,783
P0524,Weibo,T5,0.5847,Neutral,583
P0525,Weibo,T5,0.5998,Positive,424
P0526,Weibo,T5,0.6305,Positive,228
P0527,Weibo,T5,0.5316,Negative,196
P0528,Weibo,T5,0.5486,Neutral,243
P0529,Weibo,T5,0.9864,Neutral,263
P0530,Weibo,T5,0.5705,Negative,946
P0531,Weibo,T5,0.7251,Positive,232
P0532,Weibo,T5,0.5054,Positive,965
P0533,Weibo,T5,0.8427,Neutral,285
P0534,Weibo,T5,0.3859,Positive,840
P0535,Weibo,T5,0.6746,Neutral,336
P0536,Weibo,T5,0.8659,Negative,134
P0537,Weibo,T5,0.4274,Neutral,412
P0538,Weibo,T5,0.4992,Positive,151
P0539,Weibo,T5,0.5625,Positive,274
P0540,Weibo,T5,0.9647,Positive,123
P0541,Weibo,T5,0.5141,Neutral,431
P0542,Weibo,T5,0.8168,Negative,643
P0543,Weibo,T5,0.9416,Neutral,57
P0544,Weibo,T5,0.4215,Neutral,464
P0545,Weibo,T5,0.6642,Neutral,250
P0546,Weibo,T5,0.5145,Neutral,1146
P0547,Weibo,T5,0.6049,Positive,309
P0548,Weibo,T5,0.8591,Negative,436
P0549,Weibo,T5,0.9435,Positive,295
P0550,Weibo,T5,0.5883,Neutral,448
P0551,Weibo,T5,0.5546,Neutral,473
P0552,Weibo,T5,0.5163,Positive,91
P0553,Weibo,T5,0.5404,Negative,1145
P0554,Weibo,T5,0.7387,Neutral,172
P0555,Weibo,T5,0.9752,Neutral,127
P0556,Weibo,T5,0.5637,Negative,168
P0557,Weibo,T5,0.8594,Neutral,115
P0558,Weibo,T5,0.5201,Neutral,185
P0559,Weibo,T5,0.5642,Negative,194
P0560,Weibo,T5,0.9096,Neutral,53
P0561,Xiaohongshu,T1,0.6602,Neutral,132
P0562,Xiaohongshu,T1,0.7282,Neutral,137
P0563,Xiaohongshu,T1,0.9486,Neutral,47
P0564,Xiaohongshu,T1,0.3416,Positive,937
P0565,Xiaohongshu,T1,0.4187,Neutral,243
P0566,Xiaohongshu,T1,0.7966,Neutral,90
P0567,Xiaohongshu,T1,0.7372,Negative,146
P0568,Xiaohongshu,T1,0.847,Positive,48
P0569,Xiaohongshu,T1,0.8249,Positive,947
P0570,Xiaohongshu,T1,0.4167,Neutral,704
P0571,Xiaohongshu,T1,0.6975,Neutral,164
P0572,Xiaohongshu,T1,0.8604,Neutral,102
P0573,Xiaohongshu,T1,0.5991,Negative,908
P0574,Xiaohongshu,T1,0.6912,Neutral,252
P0575,Xiaohongshu,T1,0.8673,Neutral,496
P0576,Xiaohongshu,T1,0.694,Neutral,890
P0577,Xiaohongshu,T1,0.8372,Neutral,40
P0578,Xiaohongshu,T1,0.6633,Positive,147
P0579,Xiaohongshu,T1,0.6054,Neutral,299
P0580,Xiaohongshu,T1,0.3943,Negative,63
P0581,Xiaohongshu,T1,0.9953,Negative,807
P0582,Xiaohongshu,T1,0.9959,Positive,832
P0583,Xiaohongshu,T1,0.7099,Neutral,125
P0584,Xiaohongshu,T1,0.6759,Neutral,101
P0585,Xiaohongshu,T1,0.8859,Negative,309
P0586,Xiaohongshu,T1,0.6654,Positive,1003
P0587,Xiaohongshu,T1,0.7178,Neutral,333
P0588,Xiaohongshu,T1,0.8456,Negative,757
P0589,Xiaohongshu,T1,0.7453,Neutral,888
P0590,Xiaohongshu,T1,0.6729,Negative,312
P0591,Xiaohongshu,T1,0.7115,Neutral,112
P0592,Xiaohongshu,T1,0.6529,Negative,670
P0593,Xiaohongshu,T1,0.4857,Negative,801
P0594,Xiaohongshu,T1,0.6337,Positive,93
P0595,Xiaohongshu,T1,0.8041,Positive,673
P0596,Xiaohongshu,T1,0.4198,Negative,310
P0597,Xiaohongshu,T1,0.6324,Neutral,459
P0598,Xiaohongshu,T1,0.6406,Neutral,288
P0599,Xiaohongshu,T1,0.5125,Neutral,190
P0600,Xiaohongshu,T1,0.5698,Neutral,203
P0601,Xiaohongshu,T1,0.5623,Neutral,381
P0602,Xiaohongshu,T1,0.6228,Neutral,55
P0603,Xiaohongshu,T1,0.8098,Neutral,56
P0604,Xiaohongshu,T1,0.5848,Neutral,96
P0605,Xiaohongshu,T1,0.4605,Negative,150
P0606,Xiaohongshu,T1,0.3936,Neutral,425
P0607,Xiaohongshu,T1,0.9661,Neutral,137
P0608,Xiaohongshu,T1,0.7605,Neutral,533
P0609,Xiaohongshu,T1,0.5744,Neutral,205
P0610,Xiaohongshu,T1,0.6717,Neutral,123
P0611,Xiaohongshu,T1,0.6875,Neutral,57
P0612,Xiaohongshu,T1,0.7995,Neutral,170
P0613,Xiaohongshu,T1,0.4081,Positive,68
P0614,Xiaohongshu,T1,0.6146,Positive,210
P0615,Xiaohongshu,T1,0.5451,Neutral,333
P0616,Xiaohongshu,T1,0.5085,Neutral,46
P0617,Xiaohongshu,T1,0.932,Positive,65
P0618,Xiaohongshu,T1,0.5108,Neutral,33
P0619,Xiaohongshu,T1,0.9182,Neutral,1003
P0620,Xiaohongshu,T1,0.6309,Neutral,109
P0621,Xiaohongshu,T1,0.7332,Positive,132
P0622,Xiaohongshu,T1,0.6703,Negative,1039
P0623,Xiaohongshu,T1,0.687,Positive,156
P0624,Xiaohongshu,T1,0.4722,Neutral,78
P0625,Xiaohongshu,T1,0.6323,Negative,355
P0626,Xiaohongshu,T1,0.9923,Neutral,427
P0627,Xiaohongshu,T1,0.7594,Neutral,762
P0628,Xiaohongshu,T1,0.7749,Positive,146
P0629,Xiaohongshu,T1,0.9193,Neutral,49
P0630,Xiaohongshu,T1,0.9897,Neutral,397
P0631,Xiaohongshu,T1,0.6852,Positive,92
P0632,Xiaohongshu,T1,0.7101,Neutral,931
P0633,Xiaohongshu,T1,0.6408,Negative,107
P0634,Xiaohongshu,T1,0.5367,Negative,164
P0635,Xiaohongshu,T1,0.6627,Positive,827
P0636,Xiaohongshu,T1,0.9545,Positive,78
P0637,Xiaohongshu,T1,0.6576,Positive,847
P0638,Xiaohongshu,T1,0.6585,Positive,1043
P0639,Xiaohongshu,T1,0.5251,Neutral,340
P0640,Xiaohongshu,T1,0.7372,Negative,956
P0641,Xiaohongshu,T1,0.8151,Negative,490
P0642,Xiaohongshu,T1,0.7097,Positive,848
P0643,Xiaohongshu,T1,0.6298,Negative,270
P0644,Xiaohongshu,T1,0.7685,Positive,872
P0645,Xiaohongshu,T1,0.6541,Neutral,69
P0646,Xiaohongshu,T1,0.6709,Positive,1001
P0647,Xiaohongshu,T1,0.9907,Neutral,383
P0648,Xiaohongshu,T1,0.6009,Neutral,461
P0649,Xiaohongshu,T1,0.9566,Neutral,87
P0650,Xiaohongshu,T1,0.6469,Positive,33
P0651,Xiaohongshu,T1,0.9963,Neutral,952
P0652,Xiaohongshu,T1,0.574,Negative,101
P0653,Xiaohongshu,T1,0.9831,Neutral,217
P0654,Xiaohongshu,T1,0.5433,Neutral,259
P0655,Xiaohongshu,T1,0.944,Positive,925
P0656,Xiaohongshu,T1,0.7509,Positive,258
P0657,Xiaohongshu,T1,0.5542,Positive,702
P0658,Xiaohongshu,T1,0.8992,Neutral,38
P0659,Xiaohongshu,T1,0.8852,Neutral,27
P0660,Xiaohongshu,T1,0.9078,Neutral,31
P0661,Xiaohongshu,T1,0.9685,Neutral,95
P0662,Xiaohongshu,T1,0.9462,Positive,57
P0663,Xiaohongshu,T1,0.9455,Neutral,49
P0664,Xiaohongshu,T1,0.8634,Neutral,120
P0665,Xiaohongshu,T1,0.9036,Neutral,110
P0666,Xiaohongshu,T1,0.9918,Positive,413
P0667,Xiaohongshu,T1,0.7927,Neutral,117
P0668,Xiaohongshu,T1,0.9418,Neutral,58
P0669,Xiaohongshu,T1,0.994,Neutral,652
P0670,Xiaohongshu,T1,0.5058,Neutral,89
P0671,Xiaohongshu,T1,0.8068,Neutral,43
P0672,Xiaohongshu,T1,0.7082,Negative,76
P0673,Xiaohongshu,T1,0.4134,Neutral,152
P0674,Xiaohongshu,T1,0.5146,Neutral,43
P0675,Xiaohongshu,T1,0.9189,Neutral,31
P0676,Xiaohongshu,T1,0.9807,Neutral,205
P0677,Xiaohongshu,T1,0.5138,Negative,166
P0678,Xiaohongshu,T1,0.6161,Negative,894
P0679,Xiaohongshu,T1,0.6003,Neutral,773
P0680,Xiaohongshu,T2,0.802,Positive,956
P0681,Xiaohongshu,T2,0.9295,Positive,525
P0682,Xiaohongshu,T2,0.995,Neutral,685
P0683,Xiaohongshu,T2,0.58,Neutral,580
P0684,Xiaohongshu,T2,0.5114,Neutral,965
P0685,Xiaohongshu,T2,0.5481,Positive,352
P0686,Xiaohongshu,T2,0.4444,Negative,176
P0687,Xiaohongshu,T2,0.9911,Neutral,380
P0688,Xiaohongshu,T2,0.8805,Neutral,219
P0689,Xiaohongshu,T2,0.7958,Neutral,21
P0690,Xiaohongshu,T2,0.6575,Neutral,78
P0691,Xiaohongshu,T2,0.646,Neutral,655
P0692,Xiaohongshu,T2,0.5318,Negative,420
P0693,Xiaohongshu,T2,0.5436,Neutral,43
P0694,Xiaohongshu,T2,0.4234,Positive,483
P0695,Xiaohongshu,T2,0.5631,Neutral,44
P0696,Xiaohongshu,T2,0.441,Positive,411
P0697,Xiaohongshu,T2,0.9725,Neutral,101
P0698,Xiaohongshu,T2,0.39,Neutral,49
P0699,Xiaohongshu,T2,0.5039,Neutral,76
P0700,Xiaohongshu,T2,0.7255,Neutral,839
P0701,Xiaohongshu,T2,0.8665,Neutral,449
P0702,Xiaohongshu,T2,0.5088,Negative,111
P0703,Xiaohongshu,T2,0.9791,Neutral,159
P0704,Xiaohongshu,T2,0.5008,Neutral,633
P0705,Xiaohongshu,T2,0.6213,Neutral,727
P0706,Xiaohongshu,T2,0.4297,Neutral,843
P0707,Xiaohongshu,T2,0.4057,Neutral,105
P0708,Xiaohongshu,T2,0.9095,Neutral,44
P0709,Xiaohongshu,T2,0.9956,Neutral,696
P0710,Xiaohongshu,T2,0.8962,Negative,29
P0711,Xiaohongshu,T2,0.5813,Neutral,69
P0712,Xiaohongshu,T2,0.5062,Neutral,35
P0713,Xiaohongshu,T2,0.6924,Negative,254
P0714,Xiaohongshu,T2,0.9947,Negative,634
P0715,Xiaohongshu,T2,0.7979,Negative,158
P0716,Xiaohongshu,T2,0.521,Neutral,55
P0717,Xiaohongshu,T2,0.5826,Neutral,114
P0718,Xiaohongshu,T2,0.5752,Neutral,904
P0719,Xiaohongshu,T2,0.5462,Neutral,497
P0720,Xiaohongshu,T2,0.9892,Neutral,266
P0721,Xiaohongshu,T2,0.7427,Neutral,45
P0722,Xiaohongshu,T2,0.745,Neutral,751
P0723,Xiaohongshu,T2,0.5619,Negative,721
P0724,Xiaohongshu,T2,0.7885,Neutral,856
P0725,Xiaohongshu,T2,0.6718,Neutral,433
P0726,Xiaohongshu,T2,0.5009,Neutral,832
P0727,Xiaohongshu,T2,0.5833,Negative,801
P0728,Xiaohongshu,T2,0.5738,Neutral,361
P0729,Xiaohongshu,T2,0.5294,Neutral,821
P0730,Xiaohongshu,T2,0.4277,Neutral,366
P0731,Xiaohongshu,T2,0.6405,Neutral,229
P0732,Xiaohongshu,T2,0.5337,Negative,313
P0733,Xiaohongshu,T2,0.9887,Neutral,312
P0734,Xiaohongshu,T2,0.8263,Neutral,968
P0735,Xiaohongshu,T2,0.8705,Neutral,315
P0736,Xiaohongshu,T2,0.9924,Positive,424
P0737,Xiaohongshu,T2,0.687,Neutral,72
P0738,Xiaohongshu,T2,0.6411,Positive,644
P0739,Xiaohongshu,T2,0.8336,Positive,273
P0740,Xiaohongshu,T2,0.7659,Neutral,712
P0741,Xiaohongshu,T2,0.9957,Positive,706
P0742,Xiaohongshu,T2,0.9569,Neutral,66
P0743,Xiaohongshu,T2,0.7791,Negative,854
P0744,Xiaohongshu,T2,0.7812,Neutral,500
P0745,Xiaohongshu,T2,0.5077,Neutral,32
P0746,Xiaohongshu,T2,0.9433,Positive,116
P0747,Xiaohongshu,T2,0.6548,Negative,127
P0748,Xiaohongshu,T2,0.9958,Neutral,695
P0749,Xiaohongshu,T2,0.5833,Neutral,77
P0750,Xiaohongshu,T2,0.612,Negative,489
P0751,Xiaohongshu,T2,0.5839,Positive,260
P0752,Xiaohongshu,T2,0.9008,Positive,227
P0753,Xiaohongshu,T2,0.5666,Neutral,65
P0754,Xiaohongshu,T2,0.5937,Neutral,22
P0755,Xiaohongshu,T3,0.9815,Negative,211
P0756,Xiaohongshu,T3,0.5897,Negative,28
P0757,Xiaohongshu,T3,0.7319,Positive,509
P0758,Xiaohongshu,T3,0.4858,Neutral,101
P0759,Xiaohongshu,T3,0.9181,Negative,35
P0760,Xiaohongshu,T3,0.526,Positive,660
P0761,Xiaohongshu,T3,0.6447,Positive,47
P0762,Xiaohongshu,T3,0.4728,Positive,127
P0763,Xiaohongshu,T3,0.6079,Neutral,872
P0764,Xiaohongshu,T3,0.8408,Positive,668
P0765,Xiaohongshu,T3,0.415,Neutral,181
P0766,Xiaohongshu,T3,0.4635,Negative,146
P0767,Xiaohongshu,T3,0.4506,Negative,411
P0768,Xiaohongshu,T3,0.8876,Positive,446
P0769,Xiaohongshu,T3,0.88,Neutral,45
P0770,Xiaohongshu,T3,0.4477,Positive,1004
P0771,Xiaohongshu,T3,0.992,Neutral,538
P0772,Xiaohongshu,T3,0.8826,Neutral,596
P0773,Xiaohongshu,T3,0.4626,Positive,689
P0774,Xiaohongshu,T3,0.6853,Positive,544
P0775,Xiaohongshu,T3,0.9067,Negative,227
P0776,Xiaohongshu,T3,0.7861,Neutral,739
P0777,Xiaohongshu,T3,0.8375,Negative,702
P0778,Xiaohongshu,T3,0.7986,Neutral,206
P0779,Xiaohongshu,T3,0.5233,Neutral,51
P0780,Xiaohongshu,T3,0.3896,Neutral,258
P0781,Xiaohongshu,T3,0.7246,Positive,179
P0782,Xiaohongshu,T3,0.4446,Negative,953
P0783,Xiaohongshu,T3,0.4418,Positive,194
P0784,Xiaohongshu,T3,0.6871,Neutral,31
P0785,Xiaohongshu,T3,0.8365,Neutral,49
P0786,Xiaohongshu,T3,0.793,Neutral,485
P0787,Xiaohongshu,T3,0.6638,Positive,325
P0788,Xiaohongshu,T3,0.4327,Negative,220
P0789,Xiaohongshu,T3,0.5903,Negative,282
P0790,Xiaohongshu,T3,0.8097,Positive,324
P0791,Xiaohongshu,T3,0.8469,Negative,811
P0792,Xiaohongshu,T3,0.6032,Neutral,50
P0793,Xiaohongshu,T3,0.6422,Positive,291
P0794,Xiaohongshu,T3,0.7011,Neutral,132
P0795,Xiaohongshu,T3,0.7426,Negative,102
P0796,Xiaohongshu,T3,0.5048,Negative,84
P0797,Xiaohongshu,T3,0.5478,Neutral,152
P0798,Xiaohongshu,T3,0.9806,Neutral,184
P0799,Xiaohongshu,T3,0.712,Neutral,118
P0800,Xiaohongshu,T3,0.9102,Neutral,35
P0801,Xiaohongshu,T3,0.9198,Negative,47
P0802,Xiaohongshu,T3,0.9763,Neutral,142
P0803,Xiaohongshu,T3,0.8249,Negative,839
P0804,Xiaohongshu,T3,0.898,Negative,35
P0805,Xiaohongshu,T3,0.8497,Negative,341
P0806,Xiaohongshu,T3,0.7423,Positive,479
P0807,Xiaohongshu,T3,0.4158,Negative,152
P0808,Xiaohongshu,T3,0.9757,Neutral,139
P0809,Xiaohongshu,T3,0.8141,Neutral,117
P0810,Xiaohongshu,T3,0.569,Positive,139
P0811,Xiaohongshu,T3,0.736,Positive,139
P0812,Xiaohongshu,T3,0.8985,Negative,30
P0813,Xiaohongshu,T3,0.6522,Positive,45
P0814,Xiaohongshu,T3,0.4046,Neutral,912
P0815,Xiaohongshu,T3,0.6172,Neutral,193
P0816,Xiaohongshu,T3,0.5844,Negative,735
P0817,Xiaohongshu,T3,0.4298,Positive,139
P0818,Xiaohongshu,T3,0.6805,Positive,105
P0819,Xiaohongshu,T3,0.7771,Positive,128
P0820,Xiaohongshu,T3,0.5973,Positive,67
P0821,Xiaohongshu,T3,0.4637,Neutral,28
P0822,Xiaohongshu,T3,0.7266,Neutral,962
P0823,Xiaohongshu,T3,0.9946,Negative,664
P0824,Xiaohongshu,T3,0.5819,Positive,975
P0825,Xiaohongshu,T3,0.9708,Negative,93
P0826,Xiaohongshu,T3,0.8623,Neutral,31
P0827,Xiaohongshu,T3,0.899,Negative,36
P0828,Xiaohongshu,T3,0.8881,Negative,80
P0829,Xiaohongshu,T3,0.7953,Negative,181
P0830,Xiaohongshu,T3,0.501,Neutral,868
P0831,Xiaohongshu,T3,0.8511,Negative,212
P0832,Xiaohongshu,T3,0.6521,Neutral,86
P0833,Xiaohongshu,T3,0.354,Negative,204
P0834,Xiaohongshu,T3,0.7238,Negative,161
P0835,Xiaohongshu,T3,0.4651,Positive,182
P0836,Xiaohongshu,T3,0.6956,Neutral,97
P0837,Xiaohongshu,T3,0.9188,Negative,25
P0838,Xiaohongshu,T3,0.4546,Neutral,215
P0839,Xiaohongshu,T3,0.9457,Neutral,67
P0840,Xiaohongshu,T3,0.9321,Neutral,47
P0841,Xiaohongshu,T3,0.6424,Negative,101
P0842,Xiaohongshu,T3,0.7214,Neutral,182
P0843,Xiaohongshu,T3,0.4555,Negative,100
P0844,Xiaohongshu,T3,0.6615,Neutral,180
P0845,Xiaohongshu,T3,0.623,Neutral,92
P0846,Xiaohongshu,T3,0.78,Neutral,54
P0847,Xiaohongshu,T3,0.9871,Negative,247
P0848,Xiaohongshu,T3,0.6912,Neutral,550
P0849,Xiaohongshu,T3,0.9661,Neutral,107
P0850,Xiaohongshu,T3,0.4912,Neutral,280
P0851,Xiaohongshu,T3,0.9231,Neutral,266
P0852,Xiaohongshu,T3,0.9263,Negative,34
P0853,Xiaohongshu,T3,0.394,Positive,721
P0854,Xiaohongshu,T3,0.4387,Positive,400
P0855,Xiaohongshu,T3,0.9329,Neutral,51
P0856,Xiaohongshu,T3,0.466,Negative,648
P0857,Xiaohongshu,T3,0.989,Neutral,336
P0858,Xiaohongshu,T3,0.8521,Neutral,182
P0859,Xiaohongshu,T3,0.7601,Neutral,134
P0860,Xiaohongshu,T3,0.4849,Neutral,318
P0861,Xiaohongshu,T3,0.5678,Positive,680
P0862,Xiaohongshu,T3,0.7275,Neutral,59
P0863,Xiaohongshu,T3,0.8276,Neutral,83
P0864,Xiaohongshu,T3,0.727,Neutral,124
P0865,Xiaohongshu,T3,0.5264,Negative,540
P0866,Xiaohongshu,T3,0.7168,Negative,69
P0867,Xiaohongshu,T3,0.7448,Neutral,134
P0868,Xiaohongshu,T3,0.7921,Positive,539
P0869,Xiaohongshu,T3,0.5011,Negative,316
P0870,Xiaohongshu,T3,0.9484,Negative,53
P0871,Xiaohongshu,T3,0.9569,Positive,60
P0872,Xiaohongshu,T3,0.5206,Neutral,358
P0873,Xiaohongshu,T3,0.5747,Negative,782
P0874,Xiaohongshu,T3,0.6979,Negative,77
P0875,Xiaohongshu,T3,0.4344,Neutral,812
P0876,Xiaohongshu,T3,0.4854,Neutral,190
P0877,Xiaohongshu,T3,0.9524,Negative,50
P0878,Xiaohongshu,T3,0.7107,Positive,141
P0879,Xiaohongshu,T3,0.9653,Neutral,108
P0880,Xiaohongshu,T3,0.9488,Neutral,61
P0881,Xiaohongshu,T3,0.7191,Negative,60
P0882,Xiaohongshu,T3,0.8338,Positive,94
P0883,Xiaohongshu,T3,0.5052,Negative,120
P0884,Xiaohongshu,T3,0.9371,Positive,38
P0885,Xiaohongshu,T3,0.7053,Neutral,49
P0886,Xiaohongshu,T3,0.8747,Positive,177
P0887,Xiaohongshu,T3,0.6025,Neutral,159
P0888,Xiaohongshu,T3,0.557,Positive,297
P0889,Xiaohongshu,T3,0.7666,Negative,68
P0890,Xiaohongshu,T3,0.9537,Negative,230
P0891,Xiaohongshu,T3,0.4612,Negative,455
P0892,Xiaohongshu,T3,0.7484,Neutral,129
P0893,Xiaohongshu,T3,0.9253,Neutral,36
P0894,Xiaohongshu,T3,0.703,Negative,44
P0895,Xiaohongshu,T3,0.7598,Neutral,390
P0896,Xiaohongshu,T3,0.5931,Positive,87
P0897,Xiaohongshu,T3,0.4205,Positive,540
P0898,Xiaohongshu,T3,0.4508,Negative,206
P0899,Xiaohongshu,T3,0.4808,Neutral,96
P0900,Xiaohongshu,T3,0.5353,Negative,128
P0901,Xiaohongshu,T3,0.9846,Neutral,267
P0902,Xiaohongshu,T3,0.6088,Negative,231
P0903,Xiaohongshu,T3,0.6843,Neutral,315
P0904,Xiaohongshu,T3,0.5514,Neutral,96
P0905,Xiaohongshu,T3,0.8868,Positive,913
P0906,Xiaohongshu,T3,0.9455,Negative,82
P0907,Xiaohongshu,T3,0.6099,Negative,670
P0908,Xiaohongshu,T3,0.9835,Positive,221
P0909,Xiaohongshu,T3,0.6599,Neutral,136
P0910,Xiaohongshu,T3,0.8784,Positive,72
P0911,Xiaohongshu,T3,0.6337,Negative,443
P0912,Xiaohongshu,T3,0.4912,Negative,489
P0913,Xiaohongshu,T3,0.8846,Neutral,41
P0914,Xiaohongshu,T3,0.8557,Negative,539
P0915,Xiaohongshu,T3,0.5161,Neutral,119
P0916,Xiaohongshu,T3,0.9571,Positive,82
P0917,Xiaohongshu,T3,0.572,Negative,31
P0918,Xiaohongshu,T3,0.8584,Neutral,377
P0919,Xiaohongshu,T3,0.4989,Neutral,54
P0920,Xiaohongshu,T3,0.8018,Neutral,85
P0921,Xiaohongshu,T3,0.3868,Negative,71
P0922,Xiaohongshu,T3,0.4797,Negative,341
P0923,Xiaohongshu,T3,0.9628,Neutral,136
P0924,Xiaohongshu,T3,0.4306,Positive,71
P0925,Xiaohongshu,T3,0.8158,Neutral,258
P0926,Xiaohongshu,T3,0.3673,Neutral,86
P0927,Xiaohongshu,T3,0.8154,Positive,481
P0928,Xiaohongshu,T3,0.9569,Negative,81
P0929,Xiaohongshu,T3,0.4027,Positive,215
P0930,Xiaohongshu,T3,0.8427,Negative,294
P0931,Xiaohongshu,T3,0.7179,Neutral,65
P0932,Xiaohongshu,T3,0.9841,Positive,302
P0933,Xiaohongshu,T3,0.8296,Neutral,151
P0934,Xiaohongshu,T3,0.5789,Neutral,161
P0935,Xiaohongshu,T3,0.8649,Neutral,38
P0936,Xiaohongshu,T3,0.4915,Neutral,66
P0937,Xiaohongshu,T3,0.6778,Positive,188
P0938,Xiaohongshu,T3,0.6741,Positive,805
P0939,Xiaohongshu,T3,0.8829,Positive,34
P0940,Xiaohongshu,T3,0.9096,Neutral,49
P0941,Xiaohongshu,T4,0.9787,Neutral,167
P0942,Xiaohongshu,T4,0.787,Neutral,501
P0943,Xiaohongshu,T4,0.9255,Neutral,47
P0944,Xiaohongshu,T4,0.6191,Neutral,39
P0945,Xiaohongshu,T4,0.709,Positive,196
P0946,Xiaohongshu,T4,0.7198,Negative,486
P0947,Xiaohongshu,T4,0.9719,Negative,95
P0948,Xiaohongshu,T4,0.6655,Neutral,228
P0949,Xiaohongshu,T4,0.8059,Neutral,51
P0950,Xiaohongshu,T4,0.7061,Neutral,99
P0951,Xiaohongshu,T4,0.7194,Neutral,40
P0952,Xiaohongshu,T4,0.6214,Neutral,83
P0953,Xiaohongshu,T4,0.6619,Neutral,111
P0954,Xiaohongshu,T4,0.9963,Neutral,819
P0955,Xiaohongshu,T4,0.9519,Neutral,63
P0956,Xiaohongshu,T4,0.9829,Neutral,209
P0957,Xiaohongshu,T4,0.6089,Neutral,29
P0958,Xiaohongshu,T4,0.8067,Neutral,402
P0959,Xiaohongshu,T4,0.951,Neutral,510
P0960,Xiaohongshu,T4,0.979,Neutral,164
P0961,Xiaohongshu,T4,0.4823,Neutral,677
P0962,Xiaohongshu,T4,0.9097,Neutral,597
P0963,Xiaohongshu,T4,0.9641,Neutral,69
P0964,Xiaohongshu,T4,0.8455,Neutral,929
P0965,Xiaohongshu,T4,0.9229,Neutral,403
P0966,Xiaohongshu,T4,0.9317,Neutral,31
P0967,Xiaohongshu,T4,0.9964,Neutral,875
P0968,Xiaohongshu,T4,0.4631,Positive,961
P0969,Xiaohongshu,T4,0.631,Negative,566
P0970,Xiaohongshu,T4,0.9965,Neutral,880
P0971,Xiaohongshu,T4,0.8029,Neutral,552
P0972,Xiaohongshu,T4,0.6525,Negative,653
P0973,Xiaohongshu,T4,0.5849,Neutral,648
P0974,Xiaohongshu,T4,0.4747,Neutral,385
P0975,Xiaohongshu,T4,0.8749,Neutral,253
P0976,Xiaohongshu,T4,0.9877,Neutral,256
P0977,Xiaohongshu,T4,0.9945,Neutral,699
P0978,Xiaohongshu,T4,0.8574,Neutral,318
P0979,Xiaohongshu,T4,0.9958,Neutral,742
P0980,Xiaohongshu,T4,0.9928,Neutral,431
P0981,Xiaohongshu,T4,0.9925,Negative,391
P0982,Xiaohongshu,T4,0.7446,Positive,314
P0983,Xiaohongshu,T4,0.8821,Neutral,268
P0984,Xiaohongshu,T4,0.6054,Neutral,291
P0985,Xiaohongshu,T4,0.4605,Neutral,583
P0986,Xiaohongshu,T4,0.8223,Neutral,87
P0987,Xiaohongshu,T4,0.7613,Positive,436
P0988,Xiaohongshu,T4,0.841,Neutral,210
P0989,Xiaohongshu,T4,0.9644,Neutral,150
P0990,Xiaohongshu,T4,0.9943,Negative,525
P0991,Xiaohongshu,T4,0.6327,Neutral,507
P0992,Xiaohongshu,T4,0.4251,Negative,196
P0993,Xiaohongshu,T4,0.5644,Neutral,496
P0994,Xiaohongshu,T4,0.5101,Neutral,100
P0995,Xiaohongshu,T4,0.9057,Neutral,591
P0996,Xiaohongshu,T4,0.5679,Neutral,896
P0997,Xiaohongshu,T4,0.4511,Negative,500
P0998,Xiaohongshu,T4,0.9802,Neutral,159
P0999,Xiaohongshu,T4,0.9871,Neutral,202
P1000,Xiaohongshu,T4,0.9719,Neutral,105
P1001,Xiaohongshu,T4,0.8751,Neutral,183
P1002,Xiaohongshu,T4,0.8588,Neutral,716
P1003,Xiaohongshu,T4,0.5519,Positive,985
P1004,Xiaohongshu,T4,0.3323,Neutral,45
P1005,Xiaohongshu,T4,0.525,Neutral,67
P1006,Xiaohongshu,T4,0.5937,Neutral,793
P1007,Xiaohongshu,T4,0.5811,Positive,67
P1008,Xiaohongshu,T4,0.7538,Neutral,325
P1009,Xiaohongshu,T4,0.9657,Positive,952
P1010,Xiaohongshu,T4,0.7109,Negative,985
P1011,Xiaohongshu,T4,0.6514,Neutral,71
P1012,Xiaohongshu,T4,0.9475,Negative,1184
P1013,Xiaohongshu,T4,0.5729,Neutral,59
P1014,Xiaohongshu,T4,0.9453,Neutral,53
P1015,Xiaohongshu,T4,0.6509,Neutral,108
P1016,Xiaohongshu,T4,0.4914,Neutral,155
P1017,Xiaohongshu,T4,0.4728,Negative,529
P1018,Xiaohongshu,T4,0.9028,Neutral,971
P1019,Xiaohongshu,T4,0.982,Neutral,345
P1020,Xiaohongshu,T4,0.997,Neutral,984
P1021,Xiaohongshu,T4,0.8538,Negative,397
P1022,Xiaohongshu,T4,0.7448,Neutral,561
P1023,Xiaohongshu,T4,0.4374,Neutral,1011
P1024,Xiaohongshu,T4,0.4676,Neutral,937
P1025,Xiaohongshu,T4,0.9952,Neutral,709
P1026,Xiaohongshu,T4,0.7911,Neutral,876
P1027,Xiaohongshu,T4,0.9963,Neutral,932
P1028,Xiaohongshu,T4,0.8806,Neutral,315
P1029,Xiaohongshu,T4,0.8293,Neutral,752
P1030,Xiaohongshu,T4,0.9226,Negative,973
P1031,Xiaohongshu,T4,0.995,Neutral,762
P1032,Xiaohongshu,T4,0.867,Positive,159
P1033,Xiaohongshu,T4,0.624,Positive,431
P1034,Xiaohongshu,T4,0.5905,Neutral,34
P1035,Xiaohongshu,T4,0.6632,Neutral,254
P1036,Xiaohongshu,T4,0.997,Neutral,940
P1037,Xiaohongshu,T4,0.8122,Neutral,139
P1038,Xiaohongshu,T4,0.3003,Neutral,595
P1039,Xiaohongshu,T4,0.36,Neutral,495
P1040,Xiaohongshu,T4,0.997,Neutral,980
P1041,Xiaohongshu,T4,0.632,Neutral,62
P1042,Xiaohongshu,T4,0.9306,Neutral,45
P1043,Xiaohongshu,T4,0.9965,Neutral,1011
P1044,Xiaohongshu,T4,0.9402,Neutral,741
P1045,Xiaohongshu,T4,0.9245,Neutral,776
P1046,Xiaohongshu,T4,0.9924,Neutral,387
P1047,Xiaohongshu,T4,0.9899,Negative,316
P1048,Xiaohongshu,T4,0.9955,Neutral,630
P1049,Xiaohongshu,T4,0.993,Neutral,485
P1050,Xiaohongshu,T4,0.9797,Neutral,188
P1051,Xiaohongshu,T4,0.506,Positive,268
P1052,Xiaohongshu,T4,0.9964,Neutral,957
P1053,Xiaohongshu,T4,0.6428,Neutral,287
P1054,Xiaohongshu,T4,0.8978,Neutral,45
P1055,Xiaohongshu,T4,0.9968,Neutral,977
P1056,Xiaohongshu,T4,0.6267,Neutral,166
P1057,Xiaohongshu,T4,0.6385,Neutral,36
P1058,Xiaohongshu,T4,0.9417,Neutral,52
P1059,Xiaohongshu,T4,0.637,Neutral,39
P1060,Xiaohongshu,T4,0.515,Neutral,82
P1061,Xiaohongshu,T4,0.9931,Neutral,431
P1062,Xiaohongshu,T4,0.8975,Neutral,1132
P1063,Xiaohongshu,T4,0.8008,Neutral,574
P1064,Xiaohongshu,T4,0.8603,Negative,848
P1065,Xiaohongshu,T4,0.992,Neutral,425
P1066,Xiaohongshu,T4,0.979,Neutral,133
P1067,Xiaohongshu,T4,0.4702,Neutral,643
P1068,Xiaohongshu,T4,0.9958,Neutral,735
P1069,Xiaohongshu,T4,0.9874,Neutral,377
P1070,Xiaohongshu,T4,0.9805,Neutral,128
P1071,Xiaohongshu,T4,0.6114,Neutral,863
P1072,Xiaohongshu,T4,0.9124,Neutral,480
P1073,Xiaohongshu,T4,0.6743,Positive,302
P1074,Xiaohongshu,T4,0.7075,Negative,726
P1075,Xiaohongshu,T4,0.4479,Neutral,699
P1076,Xiaohongshu,T4,0.8009,Positive,991
P1077,Xiaohongshu,T4,0.993,Positive,418
P1078,Xiaohongshu,T4,0.6199,Neutral,628
P1079,Xiaohongshu,T4,0.612,Neutral,1124
P1080,Xiaohongshu,T4,0.8355,Neutral,849
P1081,Xiaohongshu,T4,0.5241,Negative,933
P1082,Xiaohongshu,T4,0.404,Neutral,841
P1083,Xiaohongshu,T4,0.6145,Neutral,583
P1084,Xiaohongshu,T4,0.787,Neutral,844
P1085,Xiaohongshu,T4,0.9813,Neutral,193
P1086,Xiaohongshu,T4,0.9956,Neutral,770
P1087,Xiaohongshu,T4,0.8162,Negative,1019
P1088,Xiaohongshu,T4,0.8341,Neutral,583
P1089,Xiaohongshu,T4,0.5555,Neutral,60
P1090,Xiaohongshu,T4,0.4261,Neutral,47
P1091,Xiaohongshu,T4,0.5251,Positive,201
P1092,Xiaohongshu,T4,0.7806,Neutral,966
P1093,Xiaohongshu,T4,0.8623,Neutral,23
P1094,Xiaohongshu,T4,0.4449,Neutral,117
P1095,Xiaohongshu,T4,0.7542,Neutral,28
P1096,Xiaohongshu,T4,0.5284,Neutral,46
P1097,Xiaohongshu,T4,0.5426,Neutral,334
P1098,Xiaohongshu,T4,0.8304,Neutral,156
P1099,Xiaohongshu,T4,0.4443,Neutral,432
P1100,Xiaohongshu,T4,0.8777,Neutral,388
P1101,Xiaohongshu,T4,0.6964,Neutral,913
P1102,Xiaohongshu,T5,0.4484,Positive,446
P1103,Xiaohongshu,T5,0.4553,Positive,862
P1104,Xiaohongshu,T5,0.5784,Neutral,651
P1105,Xiaohongshu,T5,0.762,Neutral,109
P1106,Xiaohongshu,T5,0.5217,Neutral,454
P1107,Xiaohongshu,T5,0.9414,Positive,45
P1108,Xiaohongshu,T5,0.738,Positive,223
P1109,Xiaohongshu,T5,0.5455,Neutral,232
P1110,Xiaohongshu,T5,0.4214,Neutral,106
P1111,Xiaohongshu,T5,0.4701,Neutral,72
P1112,Xiaohongshu,T5,0.831,Negative,187
P1113,Xiaohongshu,T5,0.6287,Neutral,59
P1114,Xiaohongshu,T5,0.6097,Negative,242
P1115,Xiaohongshu,T5,0.6682,Positive,204
P1116,Xiaohongshu,T5,0.6259,Positive,119
P1117,Xiaohongshu,T5,0.9256,Positive,35
P1118,Xiaohongshu,T5,0.9307,Neutral,59
P1119,Xiaohongshu,T5,0.9257,Negative,56
P1120,Xiaohongshu,T5,0.6401,Negative,159
P1121,Xiaohongshu,T5,0.9834,Neutral,222
P1122,Xiaohongshu,T5,0.9171,Positive,176
P1123,Xiaohongshu,T5,0.7173,Neutral,374
P1124,Xiaohongshu,T5,0.5088,Negative,167
P1125,Xiaohongshu,T5,0.5612,Neutral,208
P1126,Xiaohongshu,T5,0.565,Negative,34
P1127,Xiaohongshu,T5,0.4389,Neutral,222
P1128,Xiaohongshu,T5,0.724,Neutral,494
P1129,Xiaohongshu,T5,0.7715,Neutral,32
P1130,Xiaohongshu,T5,0.8402,Negative,562
P1131,Xiaohongshu,T5,0.4374,Neutral,233
P1132,Xiaohongshu,T5,0.5688,Neutral,559
P1133,Xiaohongshu,T5,0.6281,Neutral,67
P1134,Xiaohongshu,T5,0.7818,Neutral,430
P1135,Xiaohongshu,T5,0.8553,Neutral,253
P1136,Xiaohongshu,T5,0.6554,Positive,872
P1137,Xiaohongshu,T5,0.9954,Neutral,865
P1138,Xiaohongshu,T5,0.5341,Positive,915
P1139,Xiaohongshu,T5,0.5231,Neutral,185
P1140,Xiaohongshu,T5,0.9909,Neutral,437
P1141,Xiaohongshu,T5,0.949,Neutral,50
P1142,Xiaohongshu,T5,0.6871,Neutral,358
P1143,Xiaohongshu,T5,0.9695,Neutral,117
P1144,Xiaohongshu,T5,0.6827,Negative,64
P1145,Xiaohongshu,T5,0.6575,Neutral,202
P1146,Xiaohongshu,T5,0.9914,Positive,361
P1147,Xiaohongshu,T5,0.5006,Positive,839
P1148,Xiaohongshu,T5,0.6444,Negative,325
P1149,Xiaohongshu,T5,0.7568,Neutral,732
P1150,Xiaohongshu,T5,0.9261,Negative,41
P1151,Xiaohongshu,T5,0.9313,Neutral,34
P1152,Xiaohongshu,T5,0.6222,Positive,228
P1153,Xiaohongshu,T5,0.9796,Negative,152
P1154,Xiaohongshu,T5,0.9644,Neutral,90
P1155,Xiaohongshu,T5,0.6532,Neutral,912
P1156,Xiaohongshu,T5,0.5729,Positive,957
P1157,Xiaohongshu,T5,0.7983,Positive,96
P1158,Xiaohongshu,T5,0.7294,Neutral,45
P1159,Xiaohongshu,T5,0.6568,Negative,157
P1160,Xiaohongshu,T5,0.5947,Positive,276
P1161,Xiaohongshu,T5,0.5213,Neutral,53
P1162,Xiaohongshu,T5,0.6804,Positive,915
P1163,Xiaohongshu,T5,0.5556,Positive,972
P1164,Xiaohongshu,T5,0.961,Neutral,1033
P1165,Xiaohongshu,T5,0.4107,Negative,193
P1166,Xiaohongshu,T5,0.5086,Neutral,25
P1167,Xiaohongshu,T5,0.6466,Positive,81
P1168,Xiaohongshu,T5,0.3806,Negative,237
P1169,Xiaohongshu,T5,0.7599,Negative,377
P1170,Xiaohongshu,T5,0.7131,Negative,775
P1171,Xiaohongshu,T5,0.8418,Neutral,502
P1172,Xiaohongshu,T5,0.6179,Negative,44
P1173,Xiaohongshu,T5,0.5033,Negative,59
P1174,Xiaohongshu,T5,0.7279,Neutral,332
P1175,Xiaohongshu,T5,0.5418,Neutral,126
P1176,Xiaohongshu,T5,0.352,Neutral,593
P1177,Xiaohongshu,T5,0.7933,Positive,534
P1178,Xiaohongshu,T5,0.8809,Neutral,280
P1179,Xiaohongshu,T5,0.3909,Positive,237
P1180,Xiaohongshu,T5,0.7786,Negative,103
P1181,Xiaohongshu,T5,0.8284,Neutral,174
P1182,Xiaohongshu,T5,0.66,Neutral,515
P1183,Xiaohongshu,T5,0.5358,Neutral,918
P1184,Xiaohongshu,T5,0.6406,Negative,129
P1185,Xiaohongshu,T5,0.6566,Neutral,191
P1186,Xiaohongshu,T5,0.854,Positive,299
P1187,Xiaohongshu,T5,0.8014,Positive,97
P1188,Xiaohongshu,T5,0.3805,Positive,58
P1189,Xiaohongshu,T5,0.5602,Neutral,125
P1190,Xiaohongshu,T5,0.9225,Neutral,424
P1191,Xiaohongshu,T5,0.9609,Neutral,921
P1192,Xiaohongshu,T5,0.6867,Neutral,599
P1193,Xiaohongshu,T5,0.4921,Neutral,249
P1194,Xiaohongshu,T5,0.5502,Positive,448
P1195,Xiaohongshu,T5,0.9102,Negative,30
P1196,Xiaohongshu,T5,0.9711,Negative,527
P1197,Xiaohongshu,T5,0.6524,Positive,680
P1198,Xiaohongshu,T5,0.4267,Positive,171
P1199,Xiaohongshu,T5,0.7881,Positive,82
P1200,Xiaohongshu,T5,0.5898,Neutral,141
P1201,Xiaohongshu,T5,0.7718,Positive,476
P1202,Xiaohongshu,T5,0.5157,Neutral,167
P1203,Xiaohongshu,T5,0.6923,Neutral,59
P1204,Xiaohongshu,T5,0.7606,Negative,457
P1205,Xiaohongshu,T5,0.4147,Neutral,238
P1206,Xiaohongshu,T5,0.894,Positive,451
P1207,Xiaohongshu,T5,0.7933,Positive,412
P1208,Xiaohongshu,T5,0.869,Neutral,320
P1209,Xiaohongshu,T5,0.6611,Positive,224
P1210,Xiaohongshu,T5,0.5588,Neutral,199
P1211,Xiaohongshu,T5,0.8687,Neutral,124
P1212,Xiaohongshu,T5,0.6642,Negative,361
P1213,Xiaohongshu,T5,0.3175,Positive,1017
P1214,Xiaohongshu,T5,0.949,Positive,404
P1215,Xiaohongshu,T5,0.6911,Neutral,265
P1216,Xiaohongshu,T5,0.8205,Negative,447
P1217,Xiaohongshu,T5,0.6966,Neutral,166
P1218,Xiaohongshu,T5,0.5841,Negative,129
P1219,Xiaohongshu,T5,0.5974,Positive,349
P1220,Xiaohongshu,T5,0.9098,Negative,62
P1221,Xiaohongshu,T5,0.9169,Neutral,34
P1222,Xiaohongshu,T5,0.813,Neutral,120
P1223,Xiaohongshu,T5,0.5792,Positive,281
P1224,Xiaohongshu,T5,0.5799,Neutral,92
P1225,Xiaohongshu,T5,0.8399,Positive,216
P1226,Xiaohongshu,T5,0.4692,Negative,86
P1227,Xiaohongshu,T5,0.718,Neutral,82
P1228,Xiaohongshu,T5,0.3981,Neutral,106
P1229,Xiaohongshu,T5,0.3504,Neutral,699
P1230,Xiaohongshu,T5,0.6336,Negative,180
P1231,Xiaohongshu,T5,0.9879,Neutral,323
P1232,Xiaohongshu,T5,0.6973,Neutral,108
P1233,Xiaohongshu,T5,0.5998,Neutral,163
P1234,Xiaohongshu,T5,0.4101,Positive,277
P1235,Xiaohongshu,T5,0.7917,Neutral,47
P1236,Xiaohongshu,T5,0.9948,Neutral,870
P1237,Xiaohongshu,T5,0.8631,Neutral,113
P1238,Xiaohongshu,T5,0.9229,Positive,213
P1239,Xiaohongshu,T5,0.8055,Neutral,49
P1240,Xiaohongshu,T5,0.5658,Negative,106
P1241,Xiaohongshu,T5,0.5034,Negative,42
P1242,Xiaohongshu,T5,0.9485,Negative,58
P1243,Xiaohongshu,T5,0.9815,Neutral,171
P1244,Xiaohongshu,T5,0.6132,Negative,141
P1245,Xiaohongshu,T5,0.5348,Negative,362
P1246,Xiaohongshu,T5,0.9806,Neutral,168
P1247,Xiaohongshu,T5,0.8835,Neutral,641
P1248,Xiaohongshu,T5,0.9491,Negative,61
P1249,Xiaohongshu,T5,0.7864,Neutral,103
P1250,Xiaohongshu,T5,0.3766,Negative,95
P1251,Xiaohongshu,T5,0.754,Neutral,962
P1252,Xiaohongshu,T5,0.7848,Neutral,957
P1253,Xiaohongshu,T5,0.5936,Neutral,204
P1254,Xiaohongshu,T5,0.821,Neutral,68
P1255,Xiaohongshu,T5,0.7793,Neutral,80
P1256,Xiaohongshu,T5,0.4938,Positive,767
P1257,Xiaohongshu,T5,0.7122,Neutral,113
P1258,Xiaohongshu,T5,0.744,Positive,74
P1259,Xiaohongshu,T5,0.5817,Negative,127
P1260,Xiaohongshu,T5,0.6107,Neutral,416
P1261,Xiaohongshu,T5,0.8017,Neutral,27
P1262,Xiaohongshu,T5,0.5813,Negative,431
P1263,Xiaohongshu,T5,0.725,Positive,664
P1264,Xiaohongshu,T5,0.5051,Neutral,99
P1265,Xiaohongshu,T5,0.7724,Negative,78
P1266,Xiaohongshu,T5,0.3404,Positive,94
P1267,Xiaohongshu,T5,0.8708,Positive,1025
P1268,Xiaohongshu,T5,0.6254,Neutral,151
P1269,Xiaohongshu,T5,0.6556,Neutral,260
P1270,Xiaohongshu,T5,0.5181,Positive,135
P1271,Xiaohongshu,T5,0.4487,Neutral,410
P1272,Xiaohongshu,T5,0.6182,Neutral,1004
P1273,Zhihu,T1,0.8451,Negative,1690
P1274,Zhihu,T1,0.5792,Neutral,1709
P1275,Zhihu,T1,0.4752,Positive,229
P1276,Zhihu,T1,0.6927,Positive,2037
P1277,Zhihu,T1,0.5537,Neutral,2153
P1278,Zhihu,T1,0.6486,Neutral,2320
P1279,Zhihu,T1,0.8515,Neutral,1930
P1280,Zhihu,T1,0.5197,Neutral,3632
P1281,Zhihu,T1,0.7395,Neutral,555
P1282,Zhihu,T1,0.437,Negative,9648
P1283,Zhihu,T1,0.7059,Negative,593
P1284,Zhihu,T1,0.5781,Positive,3099
P1285,Zhihu,T1,0.6787,Neutral,3534
P1286,Zhihu,T1,0.5558,Neutral,1520
P1287,Zhihu,T1,0.5167,Positive,11919
P1288,Zhihu,T1,0.7937,Neutral,530
P1289,Zhihu,T1,0.8221,Neutral,200
P1290,Zhihu,T1,0.8766,Neutral,1541
P1291,Zhihu,T1,0.9953,Positive,789
P1292,Zhihu,T1,0.6412,Neutral,842
P1293,Zhihu,T1,0.832,Negative,900
P1294,Zhihu,T1,0.4866,Neutral,967
P1295,Zhihu,T1,0.7425,Positive,2448
P1296,Zhihu,T1,0.7812,Neutral,2077
P1297,Zhihu,T1,0.6299,Neutral,349
P1298,Zhihu,T1,0.927,Negative,1461
P1299,Zhihu,T1,0.5954,Positive,5400
P1300,Zhihu,T1,0.5534,Negative,4439
P1301,Zhihu,T1,0.9388,Neutral,1536
P1302,Zhihu,T1,0.7478,Neutral,144
P1303,Zhihu,T1,0.9888,Neutral,300
P1304,Zhihu,T1,0.5328,Negative,363
P1305,Zhihu,T1,0.6033,Negative,4944
P1306,Zhihu,T1,0.6527,Neutral,48
P1307,Zhihu,T1,0.7138,Positive,6479
P1308,Zhihu,T1,0.6899,Neutral,421
P1309,Zhihu,T1,0.539,Negative,2341
P1310,Zhihu,T1,0.5767,Negative,2361
P1311,Zhihu,T1,0.9882,Positive,264
P1312,Zhihu,T1,0.5804,Neutral,688
P1313,Zhihu,T1,0.5865,Positive,2710
P1314,Zhihu,T1,0.4591,Neutral,1639
P1315,Zhihu,T1,0.6801,Negative,1551
P1316,Zhihu,T1,0.7599,Positive,2210
P1317,Zhihu,T1,0.997,Positive,1338
P1318,Zhihu,T1,0.4518,Positive,2304
P1319,Zhihu,T1,0.5019,Positive,1935
P1320,Zhihu,T1,0.6666,Positive,3707
P1321,Zhihu,T1,0.7423,Positive,1554
P1322,Zhihu,T1,0.5675,Negative,2455
P1323,Zhihu,T1,0.5791,Positive,412
P1324,Zhihu,T1,0.542,Negative,2469
P1325,Zhihu,T1,0.6314,Negative,3603
P1326,Zhihu,T1,0.513,Positive,4624
P1327,Zhihu,T1,0.5126,Positive,5664
P1328,Zhihu,T1,0.5312,Positive,3384
P1329,Zhihu,T1,0.8709,Neutral,442
P1330,Zhihu,T1,0.3787,Negative,4688
P1331,Zhihu,T1,0.4165,Negative,4135
P1332,Zhihu,T1,0.703,Neutral,1988
P1333,Zhihu,T1,0.4673,Positive,1907
P1334,Zhihu,T1,0.4706,Neutral,10285
P1335,Zhihu,T1,0.5746,Negative,5678
P1336,Zhihu,T1,0.3356,Neutral,319
P1337,Zhihu,T1,0.6485,Negative,317
P1338,Zhihu,T1,0.4555,Negative,2448
P1339,Zhihu,T1,0.4342,Negative,4519
P1340,Zhihu,T1,0.3756,Negative,1959
P1341,Zhihu,T1,0.517,Positive,1445
P1342,Zhihu,T1,0.5136,Positive,324
P1343,Zhihu,T1,0.6951,Negative,3302
P1344,Zhihu,T1,0.979,Negative,186
P1345,Zhihu,T1,0.6017,Neutral,691
P1346,Zhihu,T1,0.3872,Negative,2294
P1347,Zhihu,T1,0.5492,Positive,2158
P1348,Zhihu,T1,0.694,Negative,3417
P1349,Zhihu,T1,0.6207,Positive,1555
P1350,Zhihu,T1,0.4914,Positive,5838
P1351,Zhihu,T1,0.4652,Neutral,728
P1352,Zhihu,T1,0.5206,Positive,398
P1353,Zhihu,T1,0.6195,Neutral,1489
P1354,Zhihu,T1,0.462,Positive,3275
P1355,Zhihu,T1,0.5086,Neutral,206
P1356,Zhihu,T1,0.4836,Positive,1984
P1357,Zhihu,T1,0.5902,Negative,1181
P1358,Zhihu,T1,0.592,Neutral,130
P1359,Zhihu,T1,0.488,Positive,663
P1360,Zhihu,T1,0.6664,Positive,5558
P1361,Zhihu,T1,0.936,Neutral,59
P1362,Zhihu,T1,0.4314,Positive,2587
P1363,Zhihu,T1,0.8969,Neutral,199
P1364,Zhihu,T2,0.4494,Neutral,814
P1365,Zhihu,T2,0.9374,Neutral,64
P1366,Zhihu,T2,0.814,Neutral,101
P1367,Zhihu,T2,0.4297,Neutral,120
P1368,Zhihu,T2,0.5207,Neutral,568
P1369,Zhihu,T2,0.9965,Negative,1000
P1370,Zhihu,T2,0.576,Positive,4681
P1371,Zhihu,T2,0.6503,Negative,805
P1372,Zhihu,T2,0.3463,Neutral,966
P1373,Zhihu,T2,0.5041,Neutral,174
P1374,Zhihu,T2,0.5582,Positive,1003
P1375,Zhihu,T2,0.4678,Positive,1444
P1376,Zhihu,T2,0.4193,Neutral,837
P1377,Zhihu,T2,0.532,Neutral,398
P1378,Zhihu,T2,0.6196,Neutral,400
P1379,Zhihu,T2,0.9951,Neutral,634
P1380,Zhihu,T2,0.4232,Neutral,178
P1381,Zhihu,T2,0.9961,Neutral,799
P1382,Zhihu,T2,0.5032,Neutral,918
P1383,Zhihu,T2,0.4546,Neutral,274
P1384,Zhihu,T2,0.9918,Neutral,335
P1385,Zhihu,T2,0.4942,Positive,962
P1386,Zhihu,T2,0.7924,Neutral,148
P1387,Zhihu,T2,0.9755,Positive,159
P1388,Zhihu,T2,0.9832,Neutral,177
P1389,Zhihu,T2,0.9849,Positive,160
P1390,Zhihu,T2,0.8447,Positive,995
P1391,Zhihu,T2,0.452,Positive,872
P1392,Zhihu,T2,0.7685,Positive,593
P1393,Zhihu,T2,0.9874,Neutral,254
P1394,Zhihu,T2,0.6001,Neutral,1116
P1395,Zhihu,T2,0.7763,Neutral,815
P1396,Zhihu,T2,0.6188,Positive,924
P1397,Zhihu,T2,0.5761,Neutral,178
P1398,Zhihu,T2,0.7615,Negative,716
P1399,Zhihu,T2,0.4199,Neutral,911
P1400,Zhihu,T2,0.4154,Negative,617
P1401,Zhihu,T2,0.454,Neutral,168
P1402,Zhihu,T2,0.901,Neutral,1532
P1403,Zhihu,T2,0.3099,Positive,1090
P1404,Zhihu,T2,0.8313,Neutral,3983
P1405,Zhihu,T2,0.6229,Neutral,174
P1406,Zhihu,T2,0.6851,Neutral,480
P1407,Zhihu,T2,0.7287,Neutral,45
P1408,Zhihu,T2,0.7087,Neutral,69
P1409,Zhihu,T2,0.5935,Neutral,963
P1410,Zhihu,T2,0.4821,Positive,449
P1411,Zhihu,T2,0.5235,Positive,895
P1412,Zhihu,T2,0.988,Neutral,239
P1413,Zhihu,T2,0.5007,Negative,2305
P1414,Zhihu,T2,0.7326,Neutral,613
P1415,Zhihu,T2,0.5785,Neutral,400
P1416,Zhihu,T2,0.9543,Negative,68
P1417,Zhihu,T2,0.4864,Neutral,462
P1418,Zhihu,T3,0.5761,Positive,804
P1419,Zhihu,T3,0.7542,Neutral,311
P1420,Zhihu,T3,0.8883,Positive,300
P1421,Zhihu,T3,0.4913,Neutral,178
P1422,Zhihu,T3,0.6262,Positive,172
P1423,Zhihu,T3,0.8475,Neutral,445
P1424,Zhihu,T3,0.9859,Neutral,253
P1425,Zhihu,T3,0.5761,Neutral,4424
P1426,Zhihu,T3,0.6635,Positive,495
P1427,Zhihu,T3,0.5153,Negative,376
P1428,Zhihu,T3,0.8084,Positive,559
P1429,Zhihu,T3,0.9883,Negative,370
P1430,Zhihu,T3,0.5579,Negative,387
P1431,Zhihu,T3,0.3503,Neutral,537
P1432,Zhihu,T3,0.5809,Positive,119
P1433,Zhihu,T3,0.4239,Negative,4251
P1434,Zhihu,T3,0.4489,Neutral,111
P1435,Zhihu,T3,0.591,Neutral,113
P1436,Zhihu,T3,0.6015,Neutral,452
P1437,Zhihu,T3,0.5747,Positive,696
P1438,Zhihu,T3,0.726,Neutral,812
P1439,Zhihu,T3,0.5903,Positive,2207
P1440,Zhihu,T3,0.8475,Neutral,341
P1441,Zhihu,T3,0.7029,Neutral,429
P1442,Zhihu,T3,0.8776,Positive,852
P1443,Zhihu,T3,0.4103,Neutral,347
P1444,Zhihu,T3,0.6947,Positive,1100
P1445,Zhihu,T3,0.8427,Positive,523
P1446,Zhihu,T3,0.5824,Positive,283
P1447,Zhihu,T3,0.7928,Negative,1691
P1448,Zhihu,T3,0.8105,Positive,1546
P1449,Zhihu,T3,0.6015,Neutral,113
P1450,Zhihu,T3,0.9372,Negative,52
P1451,Zhihu,T3,0.5621,Positive,284
P1452,Zhihu,T3,0.5029,Positive,69
P1453,Zhihu,T3,0.666,Neutral,75
P1454,Zhihu,T3,0.7701,Neutral,728
P1455,Zhihu,T3,0.9646,Neutral,96
P1456,Zhihu,T3,0.5745,Positive,573
P1457,Zhihu,T3,0.6761,Positive,2253
P1458,Zhihu,T3,0.5056,Negative,797
P1459,Zhihu,T3,0.4722,Neutral,171
P1460,Zhihu,T3,0.6085,Neutral,193
P1461,Zhihu,T3,0.976,Positive,1126
P1462,Zhihu,T3,0.5508,Neutral,1015
P1463,Zhihu,T3,0.8376,Neutral,681
P1464,Zhihu,T3,0.5651,Negative,1233
P1465,Zhihu,T3,0.9729,Neutral,125
P1466,Zhihu,T3,0.4079,Positive,238
P1467,Zhihu,T3,0.9949,Negative,783
P1468,Zhihu,T3,0.454,Neutral,1734
P1469,Zhihu,T3,0.4612,Neutral,2216
P1470,Zhihu,T3,0.4324,Positive,1408
P1471,Zhihu,T3,0.4678,Neutral,539
P1472,Zhihu,T3,0.4919,Positive,1683
P1473,Zhihu,T3,0.5949,Negative,837
P1474,Zhihu,T3,0.5209,Neutral,357
P1475,Zhihu,T3,0.4621,Neutral,777
P1476,Zhihu,T3,0.9819,Neutral,213
P1477,Zhihu,T3,0.6224,Neutral,2205
P1478,Zhihu,T3,0.6983,Negative,672
P1479,Zhihu,T3,0.4537,Neutral,3070
P1480,Zhihu,T3,0.5679,Positive,398
P1481,Zhihu,T3,0.601,Positive,669
P1482,Zhihu,T3,0.6589,Neutral,125
P1483,Zhihu,T3,0.9684,Neutral,103
P1484,Zhihu,T3,0.6086,Neutral,254
P1485,Zhihu,T3,0.9892,Neutral,337
P1486,Zhihu,T3,0.4978,Positive,211
P1487,Zhihu,T3,0.6414,Neutral,93
P1488,Zhihu,T3,0.5266,Neutral,104
P1489,Zhihu,T3,0.6138,Neutral,124
P1490,Zhihu,T3,0.5707,Positive,253
P1491,Zhihu,T3,0.8707,Neutral,208
P1492,Zhihu,T3,0.8408,Neutral,131
P1493,Zhihu,T3,0.628,Neutral,161
P1494,Zhihu,T3,0.9897,Negative,449
P1495,Zhihu,T3,0.8922,Positive,302
P1496,Zhihu,T3,0.8771,Positive,279
P1497,Zhihu,T3,0.8448,Neutral,145
P1498,Zhihu,T3,0.9613,Neutral,152
P1499,Zhihu,T3,0.9911,Neutral,435
P1500,Zhihu,T3,0.5648,Neutral,541
P1501,Zhihu,T3,0.8926,Neutral,1102
P1502,Zhihu,T3,0.8701,Neutral,220
P1503,Zhihu,T3,0.9927,Neutral,546
P1504,Zhihu,T3,0.865,Neutral,39
P1505,Zhihu,T3,0.628,Positive,124
P1506,Zhihu,T3,0.5233,Neutral,465
P1507,Zhihu,T3,0.4856,Negative,1779
P1508,Zhihu,T3,0.7579,Positive,292
P1509,Zhihu,T3,0.7298,Neutral,194
P1510,Zhihu,T3,0.4383,Positive,324
P1511,Zhihu,T3,0.5534,Positive,162
P1512,Zhihu,T3,0.6573,Negative,730
P1513,Zhihu,T3,0.2784,Positive,439
P1514,Zhihu,T3,0.4272,Neutral,308
P1515,Zhihu,T3,0.7788,Negative,61
P1516,Zhihu,T3,0.9096,Neutral,2013
P1517,Zhihu,T3,0.7153,Positive,199
P1518,Zhihu,T3,0.7171,Neutral,269
P1519,Zhihu,T3,0.4989,Neutral,152
P1520,Zhihu,T3,0.9687,Neutral,134
P1521,Zhihu,T3,0.6775,Positive,1760
P1522,Zhihu,T3,0.5453,Positive,223
P1523,Zhihu,T3,0.5136,Neutral,90
P1524,Zhihu,T3,0.7517,Neutral,659
P1525,Zhihu,T3,0.6191,Negative,1487
P1526,Zhihu,T3,0.4401,Neutral,107
P1527,Zhihu,T3,0.9325,Negative,385
P1528,Zhihu,T3,0.6268,Positive,2146
P1529,Zhihu,T3,0.8655,Negative,825
P1530,Zhihu,T3,0.4745,Neutral,860
P1531,Zhihu,T3,0.7542,Positive,292
P1532,Zhihu,T3,0.6515,Neutral,147
P1533,Zhihu,T3,0.4295,Negative,3443
P1534,Zhihu,T3,0.9461,Negative,352
P1535,Zhihu,T3,0.8037,Positive,1214
P1536,Zhihu,T3,0.992,Positive,467
P1537,Zhihu,T3,0.545,Neutral,59
P1538,Zhihu,T3,0.5489,Neutral,137
P1539,Zhihu,T4,0.7568,Positive,500
P1540,Zhihu,T4,0.5071,Positive,315
P1541,Zhihu,T4,0.3965,Neutral,98
P1542,Zhihu,T4,0.4788,Neutral,343
P1543,Zhihu,T4,0.9946,Neutral,586
P1544,Zhihu,T4,0.9947,Neutral,592
P1545,Zhihu,T4,0.751,Neutral,1522
P1546,Zhihu,T4,0.6771,Negative,264
P1547,Zhihu,T4,0.4931,Neutral,334
P1548,Zhihu,T4,0.6618,Positive,1643
P1549,Zhihu,T4,0.7919,Positive,116
P1550,Zhihu,T4,0.8534,Neutral,466
P1551,Zhihu,T4,0.5812,Neutral,264
P1552,Zhihu,T4,0.7234,Negative,2299
P1553,Zhihu,T4,0.9332,Neutral,957
P1554,Zhihu,T4,0.3537,Positive,7393
P1555,Zhihu,T4,0.9319,Negative,1084
P1556,Zhihu,T4,0.7691,Neutral,199
P1557,Zhihu,T4,0.7379,Neutral,738
P1558,Zhihu,T4,0.9948,Neutral,589
P1559,Zhihu,T4,0.9977,Neutral,1154
P1560,Zhihu,T4,0.9573,Neutral,99
P1561,Zhihu,T4,0.9736,Neutral,122
P1562,Zhihu,T4,0.9949,Negative,766
P1563,Zhihu,T4,0.9966,Neutral,823
P1564,Zhihu,T4,0.8331,Neutral,294
P1565,Zhihu,T4,0.7944,Neutral,196
P1566,Zhihu,T4,0.9047,Neutral,442
P1567,Zhihu,T4,0.5838,Neutral,368
P1568,Zhihu,T4,0.8483,Positive,1101
P1569,Zhihu,T4,0.9788,Neutral,157
P1570,Zhihu,T4,0.8882,Neutral,124
P1571,Zhihu,T4,0.9059,Positive,1164
P1572,Zhihu,T4,0.8182,Neutral,328
P1573,Zhihu,T4,0.5278,Neutral,118
P1574,Zhihu,T4,0.5991,Neutral,256
P1575,Zhihu,T4,0.7899,Neutral,506
P1576,Zhihu,T4,0.4297,Neutral,382
P1577,Zhihu,T4,0.8958,Neutral,666
P1578,Zhihu,T4,0.636,Positive,307
P1579,Zhihu,T4,0.8342,Neutral,92
P1580,Zhihu,T4,0.3911,Neutral,709
P1581,Zhihu,T4,0.8066,Neutral,1086
P1582,Zhihu,T4,0.8225,Neutral,555
P1583,Zhihu,T4,0.7081,Neutral,282
P1584,Zhihu,T4,0.7995,Neutral,141
P1585,Zhihu,T4,0.8288,Neutral,448
P1586,Zhihu,T4,0.973,Neutral,106
P1587,Zhihu,T4,0.989,Neutral,262
P1588,Zhihu,T4,0.8594,Neutral,161
P1589,Zhihu,T4,0.514,Neutral,348
P1590,Zhihu,T4,0.4608,Positive,389
P1591,Zhihu,T4,0.7073,Positive,96
P1592,Zhihu,T4,0.7915,Neutral,4753
P1593,Zhihu,T4,0.9822,Neutral,168
P1594,Zhihu,T4,0.5681,Neutral,123
P1595,Zhihu,T4,0.4817,Neutral,288
P1596,Zhihu,T4,0.89,Neutral,159
P1597,Zhihu,T4,0.8677,Positive,456
P1598,Zhihu,T4,0.5683,Neutral,1265
P1599,Zhihu,T4,0.9919,Neutral,483
P1600,Zhihu,T4,0.7764,Negative,1021
P1601,Zhihu,T4,0.5706,Neutral,338
P1602,Zhihu,T4,0.5167,Neutral,264
P1603,Zhihu,T4,0.8848,Neutral,1300
P1604,Zhihu,T4,0.3908,Positive,2225
P1605,Zhihu,T4,0.6296,Neutral,74
P1606,Zhihu,T4,0.6325,Negative,208
P1607,Zhihu,T4,0.6933,Negative,173
P1608,Zhihu,T4,0.8139,Neutral,2155
P1609,Zhihu,T4,0.5307,Negative,66
P1610,Zhihu,T4,0.9904,Neutral,323
P1611,Zhihu,T4,0.5736,Neutral,917
P1612,Zhihu,T4,0.9667,Neutral,175
P1613,Zhihu,T4,0.4618,Positive,215
P1614,Zhihu,T4,0.5086,Positive,168
P1615,Zhihu,T4,0.6953,Neutral,133
P1616,Zhihu,T4,0.986,Neutral,200
P1617,Zhihu,T4,0.7788,Neutral,1297
P1618,Zhihu,T4,0.6752,Neutral,284
P1619,Zhihu,T4,0.582,Neutral,465
P1620,Zhihu,T4,0.7263,Neutral,1157
P1621,Zhihu,T4,0.8564,Neutral,753
P1622,Zhihu,T4,0.9526,Neutral,75
P1623,Zhihu,T4,0.8383,Neutral,459
P1624,Zhihu,T4,0.4918,Positive,5403
P1625,Zhihu,T4,0.5319,Neutral,493
P1626,Zhihu,T4,0.7695,Neutral,1135
P1627,Zhihu,T4,0.5261,Positive,237
P1628,Zhihu,T4,0.7682,Neutral,936
P1629,Zhihu,T4,0.9927,Neutral,420
P1630,Zhihu,T4,0.563,Positive,751
P1631,Zhihu,T4,0.9954,Neutral,889
P1632,Zhihu,T4,0.9977,Positive,1250
P1633,Zhihu,T4,0.9977,Neutral,1423
P1634,Zhihu,T4,0.9615,Neutral,95
P1635,Zhihu,T4,0.9987,Negative,3201
P1636,Zhihu,T4,0.9338,Neutral,1256
P1637,Zhihu,T4,0.9977,Negative,1211
P1638,Zhihu,T4,0.9971,Neutral,1438
P1639,Zhihu,T4,0.5948,Neutral,4696
P1640,Zhihu,T4,0.6834,Neutral,5355
P1641,Zhihu,T4,0.8353,Neutral,1237
P1642,Zhihu,T4,0.6415,Positive,128
P1643,Zhihu,T4,0.9943,Positive,2525
P1644,Zhihu,T4,0.9972,Neutral,989
P1645,Zhihu,T4,0.5131,Neutral,3556
P1646,Zhihu,T4,0.9988,Positive,3108
P1647,Zhihu,T4,0.9266,Neutral,1326
P1648,Zhihu,T4,0.8702,Neutral,707
P1649,Zhihu,T4,0.9978,Neutral,1274
P1650,Zhihu,T4,0.7767,Positive,1018
P1651,Zhihu,T4,0.8225,Neutral,1760
P1652,Zhihu,T4,0.9948,Neutral,636
P1653,Zhihu,T4,0.5905,Neutral,507
P1654,Zhihu,T4,0.9923,Neutral,511
P1655,Zhihu,T4,0.5146,Positive,299
P1656,Zhihu,T4,0.9029,Positive,585
P1657,Zhihu,T4,0.6664,Neutral,659
P1658,Zhihu,T4,0.4568,Neutral,457
P1659,Zhihu,T4,0.7453,Neutral,368
P1660,Zhihu,T4,0.8172,Neutral,354
P1661,Zhihu,T4,0.8867,Neutral,1505
P1662,Zhihu,T4,0.8892,Positive,681
P1663,Zhihu,T4,0.8605,Neutral,975
P1664,Zhihu,T4,0.8628,Neutral,720
P1665,Zhihu,T4,0.7625,Neutral,543
P1666,Zhihu,T4,0.9688,Positive,1038
P1667,Zhihu,T4,0.5429,Negative,1978
P1668,Zhihu,T4,0.6444,Neutral,197
P1669,Zhihu,T4,0.4419,Neutral,1463
P1670,Zhihu,T4,0.7004,Negative,135
P1671,Zhihu,T4,0.9688,Neutral,81
P1672,Zhihu,T4,0.7218,Neutral,630
P1673,Zhihu,T4,0.9368,Neutral,77
P1674,Zhihu,T4,0.5114,Negative,108
P1675,Zhihu,T4,0.9587,Neutral,64
P1676,Zhihu,T4,0.9954,Neutral,629
P1677,Zhihu,T4,0.59,Neutral,518
P1678,Zhihu,T4,0.9979,Positive,1186
P1679,Zhihu,T4,0.9254,Neutral,1283
P1680,Zhihu,T4,0.5676,Positive,99
P1681,Zhihu,T4,0.7352,Neutral,131
P1682,Zhihu,T4,0.8542,Neutral,524
P1683,Zhihu,T4,0.9978,Positive,1365
P1684,Zhihu,T4,0.4472,Neutral,178
P1685,Zhihu,T4,0.7139,Neutral,499
P1686,Zhihu,T4,0.4063,Neutral,261
P1687,Zhihu,T4,0.7206,Negative,365
P1688,Zhihu,T4,0.7598,Neutral,149
P1689,Zhihu,T4,0.4854,Neutral,159
P1690,Zhihu,T4,0.4165,Negative,502
P1691,Zhihu,T4,0.6534,Neutral,1283
P1692,Zhihu,T4,0.9542,Neutral,73
P1693,Zhihu,T4,0.9896,Neutral,324
P1694,Zhihu,T4,0.4275,Negative,614
P1695,Zhihu,T4,0.7886,Neutral,431
P1696,Zhihu,T4,0.9955,Positive,692
P1697,Zhihu,T4,0.8064,Positive,1258
P1698,Zhihu,T4,0.952,Neutral,96
P1699,Zhihu,T4,0.5882,Neutral,165
P1700,Zhihu,T4,0.9253,Neutral,290
P1701,Zhihu,T4,0.5905,Neutral,466
P1702,Zhihu,T4,0.7613,Positive,436
P1703,Zhihu,T4,0.6889,Neutral,596
P1704,Zhihu,T4,0.666,Positive,813
P1705,Zhihu,T4,0.9403,Neutral,654
P1706,Zhihu,T4,0.532,Neutral,38
P1707,Zhihu,T4,0.5859,Neutral,248
P1708,Zhihu,T4,0.6363,Neutral,582
P1709,Zhihu,T4,0.7522,Neutral,899
P1710,Zhihu,T4,0.9615,Neutral,81
P1711,Zhihu,T4,0.5562,Neutral,79
P1712,Zhihu,T4,0.8553,Positive,1052
P1713,Zhihu,T4,0.4713,Neutral,85
P1714,Zhihu,T4,0.974,Negative,4926
P1715,Zhihu,T4,0.8275,Neutral,536
P1716,Zhihu,T4,0.9946,Neutral,592
P1717,Zhihu,T4,0.4333,Neutral,341
P1718,Zhihu,T4,0.9267,Neutral,39
P1719,Zhihu,T4,0.6131,Neutral,483
P1720,Zhihu,T4,0.4786,Neutral,670
P1721,Zhihu,T4,0.5141,Neutral,722
P1722,Zhihu,T4,0.677,Positive,1285
P1723,Zhihu,T4,0.5032,Negative,1984
P1724,Zhihu,T5,0.9926,Negative,432
P1725,Zhihu,T5,0.5665,Neutral,4524
P1726,Zhihu,T5,0.4235,Negative,1961
P1727,Zhihu,T5,0.6584,Positive,2430
P1728,Zhihu,T5,0.494,Negative,624
P1729,Zhihu,T5,0.8279,Negative,1714
P1730,Zhihu,T5,0.6694,Neutral,728
P1731,Zhihu,T5,0.6092,Positive,186
P1732,Zhihu,T5,0.4126,Negative,918
P1733,Zhihu,T5,0.3514,Neutral,260
P1734,Zhihu,T5,0.6039,Positive,4319
P1735,Zhihu,T5,0.7064,Positive,1144
P1736,Zhihu,T5,0.889,Positive,655
P1737,Zhihu,T5,0.9914,Positive,352
P1738,Zhihu,T5,0.7062,Positive,1057
P1739,Zhihu,T5,0.6981,Negative,3052
P1740,Zhihu,T5,0.3786,Neutral,2512
P1741,Zhihu,T5,0.3317,Positive,368
P1742,Zhihu,T5,0.5352,Positive,5997
P1743,Zhihu,T5,0.4107,Positive,3351
P1744,Zhihu,T5,0.4512,Neutral,106
P1745,Zhihu,T5,0.537,Positive,978
P1746,Zhihu,T5,0.6416,Neutral,4921
P1747,Zhihu,T5,0.6137,Positive,2661
P1748,Zhihu,T5,0.6258,Positive,2081
P1749,Zhihu,T5,0.7317,Neutral,3332
P1750,Zhihu,T5,0.5933,Neutral,94
P1751,Zhihu,T5,0.5281,Positive,2227
P1752,Zhihu,T5,0.9764,Neutral,154
P1753,Zhihu,T5,0.6914,Positive,4439
P1754,Zhihu,T5,0.8099,Positive,271
P1755,Zhihu,T5,0.9481,Neutral,1975
P1756,Zhihu,T5,0.6612,Neutral,2600
P1757,Zhihu,T5,0.5757,Neutral,74
P1758,Zhihu,T5,0.4502,Neutral,430
P1759,Zhihu,T5,0.9513,Neutral,175
P1760,Zhihu,T5,0.4131,Neutral,669
P1761,Zhihu,T5,0.559,Neutral,119
P1762,Zhihu,T5,0.989,Neutral,326
P1763,Zhihu,T5,0.4775,Negative,3105
P1764,Zhihu,T5,0.9897,Neutral,332
P1765,Zhihu,T5,0.5498,Positive,715
P1766,Zhihu,T5,0.9465,Positive,481
P1767,Zhihu,T5,0.8824,Negative,1006
P1768,Zhihu,T5,0.9853,Positive,219
P1769,Zhihu,T5,0.969,Neutral,95
P1770,Zhihu,T5,0.6353,Neutral,486
P1771,Zhihu,T5,0.6192,Neutral,51
P1772,Zhihu,T5,0.6068,Neutral,78
P1773,Zhihu,T5,0.7325,Neutral,169
P1774,Zhihu,T5,0.9928,Positive,484
P1775,Zhihu,T5,0.4932,Positive,2438
P1776,Zhihu,T5,0.373,Neutral,394
P1777,Zhihu,T5,0.9686,Positive,109
P1778,Zhihu,T5,0.9414,Neutral,70
P1779,Zhihu,T5,0.6367,Neutral,828
P1780,Zhihu,T5,0.9212,Negative,255
P1781,Zhihu,T5,0.5518,Neutral,360
P1782,Zhihu,T5,0.8757,Neutral,1255
P1783,Zhihu,T5,0.4293,Positive,3236
P1784,Zhihu,T5,0.5053,Neutral,122
P1785,Zhihu,T5,0.9897,Neutral,330
P1786,Zhihu,T5,0.4972,Positive,412
P1787,Zhihu,T5,0.7266,Neutral,373
P1788,Zhihu,T5,0.7997,Neutral,556
P1789,Zhihu,T5,0.6345,Positive,217
P1790,Zhihu,T5,0.5367,Negative,1000
P1791,Zhihu,T5,0.5478,Positive,675
P1792,Zhihu,T5,0.739,Neutral,2175
P1793,Zhihu,T5,0.6912,Neutral,248
P1794,Zhihu,T5,0.6402,Neutral,407
P1795,Zhihu,T5,0.8646,Negative,3777
P1796,Zhihu,T5,0.7325,Positive,249
P1797,Zhihu,T5,0.8219,Neutral,178
P1798,Zhihu,T5,0.7791,Neutral,88
P1799,Zhihu,T5,0.5702,Positive,683
P1800,Zhihu,T5,0.5352,Neutral,221
P1801,Zhihu,T5,0.7909,Neutral,128
P1802,Zhihu,T5,0.3376,Positive,1351
P1803,Zhihu,T5,0.6417,Positive,965
P1804,Zhihu,T5,0.4813,Positive,61
P1805,Zhihu,T5,0.4598,Neutral,1503
P1806,Zhihu,T5,0.4242,Positive,3827
P1807,Zhihu,T5,0.8559,Neutral,89
P1808,Zhihu,T5,0.6648,Neutral,1854
P1809,Zhihu,T5,0.8606,Neutral,226
P1810,Zhihu,T5,0.7518,Neutral,88
P1811,Zhihu,T5,0.9448,Positive,484
P1812,Zhihu,T5,0.7571,Negative,2995
P1813,Zhihu,T5,0.5556,Neutral,260
P1814,Zhihu,T5,0.5332,Positive,3119
P1815,Zhihu,T5,0.7131,Neutral,217
P1816,Zhihu,T5,0.9857,Neutral,238
P1817,Zhihu,T5,0.6933,Neutral,245
P1818,Zhihu,T5,0.4651,Neutral,406
P1819,Zhihu,T5,0.6465,Neutral,49
P1820,Zhihu,T5,0.9221,Neutral,417
P1821,Zhihu,T5,0.3934,Positive,772
P1822,Zhihu,T5,0.6832,Negative,864
P1823,Zhihu,T5,0.6684,Positive,1406
P1824,Zhihu,T5,0.7323,Neutral,579
P1825,Zhihu,T5,0.8167,Positive,907
P1826,Zhihu,T5,0.3699,Negative,2057
P1827,Zhihu,T5,0.5689,Neutral,79
P1828,Zhihu,T5,0.6331,Neutral,245
P1829,Zhihu,T5,0.9475,Neutral,766
P1830,Zhihu,T5,0.66,Positive,1810
P1831,Zhihu,T5,0.7364,Positive,453
P1832,Zhihu,T5,0.8756,Neutral,69
P1833,Zhihu,T5,0.9984,Negative,2396
P1834,Zhihu,T5,0.8858,Negative,844
P1835,Zhihu,T5,0.5176,Neutral,389
P1836,Zhihu,T5,0.8082,Neutral,181
P1837,Zhihu,T5,0.8264,Positive,136
P1838,Zhihu,T5,0.61,Positive,1803
P1839,Zhihu,T5,0.8613,Neutral,965
P1840,Zhihu,T5,0.9815,Positive,181
P1841,Zhihu,T5,0.5448,Positive,1451
P1842,Zhihu,T5,0.6976,Negative,976
P1843,Zhihu,T5,0.6878,Neutral,949
P1844,Zhihu,T5,0.9815,Positive,221
P1845,Zhihu,T5,0.6375,Neutral,404
P1846,Zhihu,T5,0.9196,Positive,47
P1847,Zhihu,T5,0.4563,Neutral,2549
P1848,Zhihu,T5,0.6011,Negative,959
P1849,Zhihu,T5,0.6733,Neutral,646
P1850,Zhihu,T5,0.6632,Neutral,239
P1851,Zhihu,T5,0.89,Positive,1493
P1852,Zhihu,T5,0.5503,Neutral,72
P1853,Zhihu,T5,0.6384,Neutral,132
P1854,Zhihu,T5,0.4559,Negative,796
P1855,Zhihu,T5,0.6157,Negative,342
P1856,Zhihu,T5,0.4989,Neutral,823
P1857,Zhihu,T5,0.5147,Negative,720
P1858,Zhihu,T5,0.9414,Neutral,63
P1859,Zhihu,T5,0.6375,Neutral,178
P1860,Zhihu,T5,0.8944,Positive,5058
P1861,Zhihu,T5,0.6883,Neutral,1080
P1862,Zhihu,T5,0.949,Neutral,81
P1863,Zhihu,T5,0.8041,Negative,2504
P1864,Zhihu,T5,0.764,Negative,676
P1865,Zhihu,T5,0.8656,Positive,2041
P1866,Zhihu,T5,0.6279,Neutral,1928
P1867,Zhihu,T5,0.9947,Negative,573
P1868,Zhihu,T5,0.8571,Neutral,855
P1869,Zhihu,T5,0.4594,Positive,1693
P1870,Zhihu,T5,0.5336,Neutral,125
P1871,Zhihu,T5,0.9037,Neutral,152
P1872,Zhihu,T5,0.8313,Positive,2793
P1873,Zhihu,T5,0.602,Negative,928
P1874,Zhihu,T5,0.756,Positive,1241
P1875,Zhihu,T5,0.7986,Neutral,67
P1876,Zhihu,T5,0.5113,Negative,485
P1877,Zhihu,T5,0.7247,Neutral,256
P1878,Zhihu,T5,0.4126,Positive,3361
P1879,Zhihu,T5,0.7724,Neutral,59
P1880,Zhihu,T5,0.8355,Neutral,253
P1881,Zhihu,T5,0.6224,Positive,213
P1882,Zhihu,T5,0.5774,Positive,3264
P1883,Zhihu,T5,0.6722,Neutral,955
P1884,Zhihu,T5,0.3564,Negative,1809
P1885,Zhihu,T5,0.43,Positive,2967
P1886,Zhihu,T5,0.4799,Neutral,1523
P1887,Zhihu,T5,0.6417,Negative,136
P1888,Zhihu,T5,0.5175,Positive,67
P1889,Zhihu,T5,0.7125,Negative,3643
P1890,Zhihu,T5,0.7788,Positive,793
P1891,Zhihu,T5,0.9427,Neutral,57
P1892,Zhihu,T5,0.8091,Neutral,878
P1893,Zhihu,T5,0.7734,Neutral,466
P1894,Zhihu,T5,0.849,Positive,775
P1895,Zhihu,T5,0.7548,Positive,995
P1896,Zhihu,T5,0.5276,Positive,661
P1897,Zhihu,T5,0.7651,Neutral,1206
P1898,Zhihu,T5,0.8983,Neutral,29
P1899,Zhihu,T5,0.4257,Neutral,139
P1900,Zhihu,T5,0.7133,Positive,2553
P1901,Zhihu,T5,0.4682,Positive,1588
P1902,Zhihu,T5,0.6744,Neutral,731
P1903,Zhihu,T5,0.9191,Neutral,39
P1904,Zhihu,T5,0.3558,Positive,872
P1905,Zhihu,T5,0.4696,Positive,639
P1906,Zhihu,T5,0.6095,Positive,514
P1907,Zhihu,T5,0.5212,Negative,774
P1908,Zhihu,T5,0.8014,Positive,730
P1909,Zhihu,T5,0.7699,Neutral,138
P1910,Zhihu,T5,0.4637,Neutral,159
P1911,Zhihu,T5,0.3925,Neutral,764
P1912,Zhihu,T5,0.3208,Neutral,84
P1913,Zhihu,T5,0.9098,Neutral,4127
P1914,Zhihu,T5,0.4705,Negative,577
P1915,Zhihu,T5,0.5124,Neutral,1857
P1916,Zhihu,T5,0.3615,Neutral,1212
